country,iso3,year,region,gdp_pc,gini,homicide_rate
Albania,ALB,1996,Europe,5293.9507,0.2701034247875213,8.380375
Albania,ALB,2002,Europe,7222.353,0.3173897862434387,6.891948
Albania,ALB,2005,Europe,8529.551,0.3059565424919128,5.006243
Albania,ALB,2008,Europe,10520.121,0.2998467087745666,3.1073225
Albania,ALB,2012,Europe,11859.09,0.2896048426628113,5.3951817
Albania,ALB,2014,Europe,12718.285,0.3459889590740204,4.614723
Albania,ALB,2015,Europe,13203.797,0.327537328004837,2.2079382
Albania,ALB,2016,Europe,13933.284,0.3373629748821258,2.7261436
Albania,ALB,2017,Europe,14614.531,0.3305566310882568,2.0012128
Albania,ALB,2018,Europe,15386.701,0.3014828264713287,2.2803986
Albania,ALB,2019,Europe,15948.279,0.301157683134079,2.2530255
Albania,ALB,2020,Europe,15659.589,0.2941963076591491,2.1239898
United Arab Emirates,ARE,2013,Asia,74237.22,0.3251042068004608,0.7277977
Armenia,ARM,1999,Asia,4406.9673,0.3621972501277923,2.8415496
Armenia,ARM,2001,Asia,5044.1167,0.3536435961723327,2.8531137
Armenia,ARM,2002,Asia,5731.3535,0.3477967381477356,2.2581267
Armenia,ARM,2004,Asia,7299.4,0.3750563263893127,2.746034
Armenia,ARM,2005,Asia,8362.9,0.3599235415458679,1.9292492
Armenia,ARM,2006,Asia,9525.231,0.2970998585224151,2.6418073
Armenia,ARM,2007,Asia,10898.849,0.3122605681419372,2.5883927
Armenia,ARM,2008,Asia,11727.482,0.2918814122676849,3.277038
Armenia,ARM,2009,Asia,10143.235,0.2801587879657745,3.2931406
Armenia,ARM,2010,Asia,10438.564,0.299925833940506,1.9105599
Armenia,ARM,2011,Asia,10990.177,0.2935294508934021,2.4287865
Armenia,ARM,2012,Asia,11796.274,0.2960226237773895,2.2241023
Armenia,ARM,2013,Asia,12194.019,0.3057966232299804,2.1556754
Armenia,ARM,2014,Asia,12667.376,0.3148328959941864,2.4637098
Armenia,ARM,2015,Asia,13112.76,0.3235677182674408,2.567458
Armenia,ARM,2016,Asia,13192.994,0.3254794776439667,2.9806848
Armenia,ARM,2017,Asia,14243.875,0.336218386888504,2.4014022
Armenia,ARM,2018,Asia,15037.045,0.344334989786148,1.7182341
Armenia,ARM,2019,Asia,16215.36,0.3003121316432953,2.5137987
Armenia,ARM,2020,Asia,15052.936,0.2513160407543182,2.5943546
Armenia,ARM,2021,Asia,15921.705,0.2794013023376465,3.1355078
Armenia,ARM,2022,Asia,17886.178,0.2794529497623443,2.7422228
Armenia,ARM,2023,Asia,19402.752,0.2715465128421783,2.2083356
Australia,AUS,1995,Oceania,38653.336,0.3257850110530853,1.9673568
Australia,AUS,2001,Oceania,45428.2,0.3346192836761474,1.7918525
Australia,AUS,2003,Oceania,47581.23,0.3349674940109253,1.5237553
Australia,AUS,2004,Oceania,49061.277,0.3305571973323822,1.3119382
Australia,AUS,2008,Oceania,52473.383,0.3542850911617279,1.2213047
Australia,AUS,2010,Oceania,52739.27,0.3465672731399536,1.043286
Australia,AUS,2014,Oceania,55489.07,0.3439816236495971,1.029853
Australia,AUS,2016,Oceania,56529.953,0.3368518650531769,0.9330059
Australia,AUS,2018,Oceania,57647.844,0.3433252573013305,0.8797874
Australia,AUS,2020,Oceania,57260.465,0.3382901847362518,0.8584594
Austria,AUT,1994,Europe,45497.137,0.308280199766159,1.10857
Austria,AUT,1995,Europe,46639.53,0.2991432845592499,0.9810924
Austria,AUT,1996,Europe,47608.633,0.2931780815124511,1.2435757
Austria,AUT,1997,Europe,48575.16,0.2906536757946014,0.82812583
Austria,AUT,1998,Europe,50216.7,0.3134077191352844,0.96509784
Austria,AUT,1999,Europe,52004.53,0.2967053949832916,0.75057304
Austria,AUT,2000,Europe,53534.344,0.2896469235420227,1.0233463
Austria,AUT,2003,Europe,54919.79,0.2946562767028808,0.6155663
Austria,AUT,2004,Europe,55980.23,0.2978884577751159,0.7218458
Austria,AUT,2005,Europe,56890.28,0.2871520817279815,0.6561995
Austria,AUT,2006,Europe,58460.24,0.295875608921051,0.73761487
Austria,AUT,2007,Europe,60470.91,0.3057945072650909,0.5423679
Austria,AUT,2008,Europe,61157.99,0.3043709397315979,0.69684297
Austria,AUT,2009,Europe,58810.44,0.3149490654468536,0.6111396
Austria,AUT,2010,Europe,59730.55,0.3025166392326355,0.7292209
Austria,AUT,2011,Europe,61272.258,0.3080105781555176,0.9174017
Austria,AUT,2012,Europe,61376.723,0.3047561645507812,0.96067166
Austria,AUT,2013,Europe,60863.055,0.3075290620326996,0.71922034
Austria,AUT,2014,Europe,60845.66,0.3053537309169769,0.49135348
Austria,AUT,2015,Europe,60951.688,0.3053083121776581,0.50902134
Austria,AUT,2016,Europe,61572.71,0.3079513907432556,0.61799634
Austria,AUT,2017,Europe,62535.9,0.2973693013191223,0.79556507
Austria,AUT,2018,Europe,63778.027,0.3084742128849029,0.97266906
Austria,AUT,2019,Europe,64609.375,0.3021051585674286,0.8670316
Austria,AUT,2020,Europe,60276.414,0.2980069816112518,0.72858477
Austria,AUT,2021,Europe,62968.94,0.3070168197154999,0.72487557
Austria,AUT,2022,Europe,65694.555,0.308929294347763,0.8715148
Austria,AUT,2023,Europe,64536.297,0.3120467960834503,0.876191
Azerbaijan,AZE,1995,Asia,4211.721,0.3464882373809814,5.738876
Azerbaijan,AZE,2001,Asia,6168.9854,0.3645493686199188,2.6418574
Azerbaijan,AZE,2002,Asia,6701.0815,0.2527766525745392,2.5461998
Burundi,BDI,2013,Africa,1014.5231,0.3862397670745849,4.981158
Belgium,BEL,1992,Europe,42719.047,0.2494648247957229,1.2039715
Belgium,BEL,1995,Europe,44310.63,0.2841081917285919,1.4007723
Belgium,BEL,1997,Europe,46396.004,0.2683219611644745,1.4241567
Belgium,BEL,2000,Europe,50455.734,0.3313597738742828,2.0679462
Belgium,BEL,2021,Europe,60669.215,0.2657763361930847,1.0803015
Bangladesh,BGD,2000,Asia,2712.935,0.334065318107605,2.4846835
Bangladesh,BGD,2005,Asia,3231.6138,0.3320129215717315,2.4821064
Bangladesh,BGD,2010,Asia,4125.464,0.3213031888008117,2.6202023
Bangladesh,BGD,2016,Asia,5682.5356,0.3238527178764343,2.2330432
Bulgaria,BGR,1992,Europe,12332.477,0.3071430921554565,5.3977633
Bulgaria,BGR,2006,Europe,18102.0,0.3568882644176483,2.4344614
Bulgaria,BGR,2007,Europe,19449.059,0.3609587848186493,2.3329723
Bulgaria,BGR,2008,Europe,20786.594,0.3357256948947906,2.2825017
Bulgaria,BGR,2009,Europe,20220.697,0.3382307589054107,2.003202
Bulgaria,BGR,2010,Europe,20670.826,0.3565346598625183,1.9898896
Bulgaria,BGR,2011,Europe,21238.635,0.3427497744560241,1.7344115
Bulgaria,BGR,2012,Europe,21521.973,0.3601097464561462,1.9270157
Bulgaria,BGR,2013,Europe,21841.285,0.3657089471817016,1.5004269
Bulgaria,BGR,2014,Europe,22318.072,0.3741585314273834,1.5505058
Bulgaria,BGR,2015,Europe,23371.549,0.3856437802314758,1.7554817
Bulgaria,BGR,2016,Europe,24393.56,0.4058967530727386,1.1083933
Bulgaria,BGR,2017,Europe,25397.414,0.4037896394729614,1.4556997
Bulgaria,BGR,2018,Europe,26348.1,0.4128407537937164,1.309656
Bulgaria,BGR,2019,Europe,27736.375,0.4027111828327179,1.1898842
Bulgaria,BGR,2020,Europe,27138.148,0.4052315354347229,0.9951466
Bulgaria,BGR,2021,Europe,29457.71,0.3900544643402099,1.2941265
Bulgaria,BGR,2022,Europe,30860.877,0.3820150196552276,1.1134121
Bulgaria,BGR,2023,Europe,31469.861,0.3947053551673889,1.0889074
Bosnia and Herzegovina,BIH,2001,Europe,7595.4014,0.2996641993522644,1.9619863
Bosnia and Herzegovina,BIH,2004,Europe,8891.646,0.3403748869895935,1.6421206
Bosnia and Herzegovina,BIH,2007,Europe,10636.563,0.3306158781051636,1.6444811
Bosnia and Herzegovina,BIH,2011,Europe,11882.052,0.3303018510341644,1.3629813
Belarus,BLR,1998,Europe,10128.156,0.3201834857463836,10.277188
Belarus,BLR,1999,Europe,10519.749,0.3173814713954925,9.701946
Belarus,BLR,2000,Europe,11182.455,0.3116748332977295,10.138807
Belarus,BLR,2001,Europe,11771.087,0.3057672381401062,9.750389
Belarus,BLR,2002,Europe,12443.933,0.3033624291419983,10.016763
Belarus,BLR,2007,Europe,20019.611,0.2961238026618957,6.7864785
Belarus,BLR,2008,Europe,22137.947,0.2782604396343231,5.7926254
Belarus,BLR,2009,Europe,22236.838,0.2768930494785309,5.1223598
Belarus,BLR,2010,Europe,24012.613,0.2856659889221191,4.225166
Belarus,BLR,2011,Europe,25404.756,0.271525502204895,3.9376168
Belarus,BLR,2012,Europe,25879.133,0.2652619779109955,3.592912
Belarus,BLR,2013,Europe,26147.625,0.265750527381897,3.5184283
Belarus,BLR,2014,Europe,26564.436,0.2717666625976562,3.589259
Belarus,BLR,2015,Europe,25513.213,0.2563322484493255,3.436175
Belarus,BLR,2016,Europe,24846.83,0.2530661523342132,3.2318976
Belarus,BLR,2017,Europe,25503.98,0.2544457018375397,2.527436
Belarus,BLR,2018,Europe,26363.463,0.2524052560329437,2.3839583
Belarus,BLR,2019,Europe,26798.82,0.2527784705162048,2.3846316
Belize,BLZ,2018,North America,11451.897,0.3994958400726318,37.60916
Bolivia,BOL,2015,South America,11144.642,0.4673164486885071,4.9297733
Bolivia,BOL,2016,South America,11448.021,0.4524082243442535,5.7423873
Bolivia,BOL,2017,South America,11755.256,0.4461779594421386,6.5846376
Bolivia,BOL,2018,South America,11920.313,0.4257908761501312,4.987675
Bolivia,BOL,2019,South America,11930.916,0.4164430201053619,4.2582774
Bolivia,BOL,2020,South America,10285.659,0.4364543855190277,3.6221154
Bolivia,BOL,2021,South America,11202.441,0.4091332256793976,3.501612
Bolivia,BOL,2022,South America,11487.715,0.4120837748050689,4.0158467
Bolivia,BOL,2023,South America,11616.157,0.4205011427402496,4.418433
Brazil,BRA,1990,South America,12633.288,0.6045087575912476,19.646343
Brazil,BRA,1992,South America,12271.979,0.5310341715812683,16.83152
Brazil,BRA,1993,South America,12669.429,0.6006689667701721,17.865892
Brazil,BRA,1995,South America,13550.439,0.5953119397163391,21.022089
Brazil,BRA,1996,South America,13641.63,0.5983837842941284,23.6866
Brazil,BRA,1997,South America,13896.625,0.597547173500061,24.30493
Brazil,BRA,1998,South America,13737.703,0.595662534236908,24.799057
Brazil,BRA,1999,South America,13602.414,0.5895122289657593,25.002106
Brazil,BRA,2001,South America,14016.132,0.5840287804603577,27.20061
Brazil,BRA,2002,South America,14265.905,0.5810567140579224,27.848196
Brazil,BRA,2003,South America,14259.366,0.5755338668823242,28.271088
Brazil,BRA,2004,South America,14911.261,0.5647182464599609,26.491837
Brazil,BRA,2005,South America,15221.014,0.5631012916564941,25.769392
Brazil,BRA,2006,South America,15657.4795,0.5564221143722534,26.340307
Brazil,BRA,2007,South America,16440.584,0.5491916537284851,25.314459
Brazil,BRA,2008,South America,17113.367,0.5403758883476257,26.33593
Brazil,BRA,2009,South America,16939.441,0.5368199944496155,26.791449
Brazil,BRA,2011,South America,18627.81,0.5294176936149597,26.747099
Brazil,BRA,2012,South America,18832.219,0.5343539118766785,28.641361
Brazil,BRA,2013,South America,19241.506,0.5268340110778809,28.640411
Brazil,BRA,2014,South America,19183.172,0.520297110080719,29.853794
Brazil,BRA,2015,South America,18357.068,0.519265353679657,28.850302
Brazil,BRA,2016,South America,17620.928,0.5336719155311584,30.119362
Brazil,BRA,2017,South America,17724.48,0.5332115888595581,31.161175
Brazil,BRA,2018,South America,17917.75,0.5388841032981873,27.160616
Brazil,BRA,2019,South America,18018.621,0.5350940823554993,21.24456
Brazil,BRA,2020,South America,17327.516,0.48902028799057,22.870605
Brazil,BRA,2021,South America,18075.705,0.5293880701065063,21.742752
Brazil,BRA,2022,South America,18554.047,0.5201530456542969,21.096361
Brazil,BRA,2023,South America,19079.812,0.5163943767547607,20.575377
Barbados,BRB,2016,North America,20930.633,0.3406803607940674,7.868454
Bhutan,BTN,2003,Asia,6323.541,0.4089800119400024,0.78411263
Bhutan,BTN,2007,Asia,8195.07,0.3809077143669128,2.0629463
Bhutan,BTN,2012,Asia,11143.944,0.3880932629108429,4.600717
Bhutan,BTN,2017,Asia,13482.343,0.3744140863418579,1.7233734
Botswana,BWA,2002,Africa,13479.696,0.6153864860534668,14.61517
Botswana,BWA,2009,Africa,13489.951,0.5693109035491943,14.517703
Canada,CAN,1990,North America,40475.113,0.3136535584926605,2.3642073
Canada,CAN,1991,North America,39139.312,0.3194338977336883,2.6778271
Canada,CAN,1992,North America,39023.184,0.315643161535263,2.5719244
Canada,CAN,1993,North America,39622.48,0.3167592287063598,2.1713014
Canada,CAN,1994,North America,40952.137,0.3130380511283874,2.0447805
Canada,CAN,1995,North America,41617.723,0.3150957822799682,1.992591
Canada,CAN,1996,North America,41880.55,0.3276805281639099,2.1298606
Canada,CAN,1997,North America,43241.242,0.3311694264411926,1.9494935
Canada,CAN,1998,North America,44553.28,0.3321724534034729,1.8430616
Canada,CAN,1999,North America,46464.547,0.3306093513965606,1.7614692
Canada,CAN,2000,North America,48399.305,0.3341829478740692,1.7674592
Canada,CAN,2001,North America,48774.168,0.3355478346347809,1.7748687
Canada,CAN,2002,North America,49695.008,0.3356030881404876,1.8455346
Canada,CAN,2003,North America,50139.785,0.3380946516990661,1.7244368
Canada,CAN,2004,North America,51210.68,0.3377648293972015,1.9450605
Canada,CAN,2005,North America,52356.56,0.3362180590629577,2.0468447
Canada,CAN,2006,North America,53195.78,0.3409053981304168,1.8559688
Canada,CAN,2007,North America,53761.863,0.3384100794792175,1.8040521
Canada,CAN,2008,North America,53711.68,0.3393056690692901,1.8356256
Canada,CAN,2009,North America,51552.42,0.3395215272903442,1.8033268
Canada,CAN,2010,North America,52558.44,0.3359260261058807,1.6288027
Canada,CAN,2011,North America,53681.13,0.3265707790851593,1.7623847
Canada,CAN,2012,North America,54034.805,0.3353901207447052,1.5720516
Canada,CAN,2013,North America,54712.18,0.3379898071289062,1.4421947
Canada,CAN,2014,North America,55723.484,0.3315760493278503,1.473301
Canada,CAN,2015,North America,55660.867,0.337464839220047,1.6990045
Canada,CAN,2016,North America,55606.156,0.3270182311534881,1.6944797
Canada,CAN,2017,North America,56612.33,0.3330820500850677,1.8066481
Canada,CAN,2018,North America,57337.492,0.3250927031040191,1.7750366
Canada,CAN,2019,North America,57583.848,0.3174964785575866,1.8235747
Canada,CAN,2020,North America,54092.88,0.2985168397426605,2.004092
Canada,CAN,2021,North America,56995.117,0.3111463487148285,2.0830052
Switzerland,CHE,1992,Europe,61922.89,0.3385482132434845,1.3527173
Switzerland,CHE,2000,Europe,67378.39,0.3343105614185333,0.96046686
Switzerland,CHE,2002,Europe,67446.41,0.31686732172966,1.1815212
Switzerland,CHE,2009,Europe,72709.81,0.3285585641860962,0.65911525
Switzerland,CHE,2010,Europe,74290.266,0.3255302906036377,0.66447276
Switzerland,CHE,2011,Europe,74800.89,0.3171361982822418,0.58122116
Switzerland,CHE,2012,Europe,74883.62,0.3156712651252746,0.5625755
Switzerland,CHE,2013,Europe,75354.16,0.3246218860149383,0.7044689
Switzerland,CHE,2014,Europe,76189.6,0.3252565860748291,0.5005961
Switzerland,CHE,2015,Europe,76566.08,0.3230695724487304,0.6880789
Switzerland,CHE,2016,Europe,77301.21,0.3304245173931122,0.5373198
Switzerland,CHE,2017,Europe,77626.91,0.3267633318901062,0.53231585
Switzerland,CHE,2018,Europe,79261.36,0.3314104080200195,0.58710635
Switzerland,CHE,2019,Europe,79596.7,0.3399834036827087,0.5362853
Switzerland,CHE,2020,Europe,77324.89,0.3373792767524719,0.5439449
Switzerland,CHE,2021,Europe,81001.414,0.3382431268692016,0.4823692
Switzerland,CHE,2022,Europe,82777.3,0.3379517793655395,0.4776971
Chile,CHL,2003,South America,18902.871,0.5147556066513062,3.2012978
Chile,CHL,2006,South America,21968.537,0.4770688414573669,3.5737662
Chile,CHL,2009,South America,23013.582,0.4740466773509979,3.7037623
Chile,CHL,2011,South America,25366.27,0.4686815738677978,3.6653225
Chile,CHL,2013,South America,27291.357,0.4682393968105316,3.1435506
Chile,CHL,2015,South America,27811.375,0.453433483839035,2.321635
Chile,CHL,2017,South America,27892.994,0.4526998400688171,4.1974545
Chile,CHL,2020,South America,26248.562,0.4700490832328796,5.756139
Chile,CHL,2022,South America,29569.479,0.4304278194904327,6.8020124
China,CHN,1996,Asia,3055.9697,0.3522765934467315,2.0643492
China,CHN,2002,Asia,4744.3984,0.4198572635650635,2.0418584
China,CHN,2005,Asia,6298.323,0.4090076684951782,1.5854633
China,CHN,2008,Asia,8743.745,0.4296503961086273,1.1104188
China,CHN,2010,Asia,10476.3125,0.4374495446681976,0.9921857
China,CHN,2011,Asia,11405.018,0.4240922331809997,0.8832931
China,CHN,2012,Asia,12217.8545,0.4223716557025909,0.8240838
China,CHN,2013,Asia,13080.829,0.3973639905452728,0.77156913
China,CHN,2014,Asia,13968.581,0.3917765319347381,0.72646606
China,CHN,2015,Asia,14856.78,0.3859530389308929,0.6589624
China,CHN,2016,Asia,15772.765,0.3848051726818084,0.6149342
China,CHN,2017,Asia,16757.973,0.3907577693462372,0.5657219
China,CHN,2018,Asia,17806.791,0.3849764168262481,0.53029966
China,CHN,2019,Asia,18820.514,0.3816834390163421,0.5183628
China,CHN,2020,Asia,19215.154,0.3709083199501037,0.5018561
Cameroon,CMR,2001,Africa,3884.873,0.4213679432868957,4.9315815
Colombia,COL,1992,South America,10196.433,0.5134726166725159,83.482
Colombia,COL,1996,South America,11303.131,0.5677192807197571,64.037964
Colombia,COL,1999,South America,10679.709,0.5852622985839844,63.333992
Colombia,COL,2000,South America,10813.494,0.5837996006011963,67.89216
Colombia,COL,2001,South America,10823.45,0.5731984376907349,70.10959
Colombia,COL,2002,South America,10925.148,0.5600672960281372,70.396095
Colombia,COL,2003,South America,11183.291,0.5357276797294617,57.46086
Colombia,COL,2004,South America,11607.938,0.5497446656227112,48.648186
Colombia,COL,2005,South America,11999.255,0.5390760898590088,42.989414
Colombia,COL,2008,South America,13591.061,0.5530605912208557,36.884003
Colombia,COL,2009,South America,13586.752,0.5428210496902466,35.72724
Colombia,COL,2010,South America,14037.064,0.5461633801460266,34.524174
Colombia,COL,2011,South America,14852.37,0.5348308682441711,35.63221
Colombia,COL,2012,South America,15279.479,0.5263722538948059,35.9613
Colombia,COL,2013,South America,15912.247,0.5262469053268433,33.41597
Colombia,COL,2014,South America,16480.363,0.5254296064376831,28.654305
Colombia,COL,2015,South America,16821.38,0.5098260045051575,27.215279
Colombia,COL,2016,South America,17003.244,0.5056243538856506,26.143867
Colombia,COL,2017,South America,16986.033,0.497065931558609,25.551058
Colombia,COL,2018,South America,17104.13,0.5041036605834961,23.820759
Colombia,COL,2019,South America,17336.771,0.5132542848587036,23.399061
Colombia,COL,2020,South America,15861.5,0.5348644256591797,22.642704
Colombia,COL,2021,South America,17383.09,0.5511702299118042,25.580128
Colombia,COL,2022,South America,18458.72,0.5481858253479004,24.948807
Colombia,COL,2023,South America,18382.998,0.5388192534446716,24.913443
Cape Verde,CPV,2015,Africa,7560.1367,0.4238108694553375,8.977475
Costa Rica,CRI,1990,North America,10953.426,0.4521392583847046,4.4526935
Costa Rica,CRI,1991,North America,10920.1,0.4655316472053528,4.1221967
Costa Rica,CRI,1992,North America,11626.836,0.456392228603363,4.8717246
Costa Rica,CRI,1993,North America,12144.449,0.4592636227607727,4.751393
Costa Rica,CRI,1994,North America,12385.454,0.4670184552669525,5.273648
Costa Rica,CRI,1995,North America,12593.226,0.4565892517566681,5.204833
Costa Rica,CRI,1996,North America,12467.621,0.4647768139839172,5.2224183
Costa Rica,CRI,1997,North America,12856.583,0.4557816684246063,5.6730523
Costa Rica,CRI,1998,North America,13481.06,0.4563739895820617,5.921479
Costa Rica,CRI,1999,North America,13760.924,0.4763061702251434,6.3436975
Costa Rica,CRI,2000,North America,14018.742,0.4740948379039764,6.323426
Costa Rica,CRI,2001,North America,14250.463,0.5150595903396606,6.4106607
Costa Rica,CRI,2002,North America,14495.992,0.5181252956390381,6.330193
Costa Rica,CRI,2003,North America,14891.34,0.4930032193660736,7.248505
Costa Rica,CRI,2004,North America,15323.289,0.4841752052307129,6.6665435
Costa Rica,CRI,2005,North America,15703.963,0.4751025736331939,7.8615613
Costa Rica,CRI,2006,North America,16620.135,0.4928048253059387,8.122481
Costa Rica,CRI,2007,North America,17743.623,0.4931281208992004,8.424182
Costa Rica,CRI,2008,North America,18334.014,0.4864077270030975,11.531387
Costa Rica,CRI,2009,North America,17932.615,0.505546510219574,11.667209
Costa Rica,CRI,2010,North America,18660.92,0.480430394411087,11.567261
Costa Rica,CRI,2011,North America,19254.914,0.4875920116901397,10.282368
Costa Rica,CRI,2012,North America,19960.793,0.4841729998588562,8.72654
Costa Rica,CRI,2013,North America,20232.268,0.4915180802345276,8.714741
Costa Rica,CRI,2014,North America,20724.922,0.4863209128379822,10.006043
Costa Rica,CRI,2015,North America,21254.783,0.4837394952774048,11.560721
Costa Rica,CRI,2016,North America,21925.6,0.4870411157608032,11.875905
Costa Rica,CRI,2017,North America,22622.553,0.4834520220756531,12.273118
Costa Rica,CRI,2018,North America,23005.312,0.4796996116638183,11.799545
Costa Rica,CRI,2019,North America,23364.783,0.4818985164165497,11.261005
Costa Rica,CRI,2020,North America,22211.861,0.4924504458904266,11.322284
Costa Rica,CRI,2021,North America,23852.926,0.4867802858352661,11.620582
Costa Rica,CRI,2022,North America,24831.719,0.4715129733085632,12.908902
Costa Rica,CRI,2023,North America,25979.629,0.4672932922840118,17.74548
Cyprus,CYP,2004,Europe,38079.086,0.3008905351161957,1.5719014
Cyprus,CYP,2005,Europe,39356.164,0.3025941252708435,1.9302197
Cyprus,CYP,2006,Europe,40529.47,0.3112596273422241,1.4225857
Cyprus,CYP,2007,Europe,41698.445,0.3111327290534973,1.21188
Cyprus,CYP,2008,Europe,42147.43,0.3170860707759857,0.82491124
Cyprus,CYP,2009,Europe,40204.23,0.3210826218128204,1.7126822
Cyprus,CYP,2010,Europe,40060.457,0.3145778775215149,0.70933527
Cyprus,CYP,2011,Europe,39214.004,0.3262549936771393,0.78500295
Cyprus,CYP,2012,Europe,37289.62,0.3431243300437927,1.8877687
Cyprus,CYP,2013,Europe,34873.137,0.3704183399677276,1.0136034
Cyprus,CYP,2014,Europe,34353.93,0.3556528389453888,0.91529334
Cyprus,CYP,2015,Europe,35451.582,0.3396637737751007,1.2300107
Cyprus,CYP,2016,Europe,37585.184,0.3289168179035187,1.0508341
Cyprus,CYP,2017,Europe,39409.348,0.3141623437404632,0.5580911
Cyprus,CYP,2018,Europe,41399.934,0.3273975253105163,1.180417
Cyprus,CYP,2019,Europe,43249.793,0.3122324049472809,1.1657988
Cyprus,CYP,2020,Europe,41297.48,0.3172794282436371,1.1518548
Cyprus,CYP,2021,Europe,45322.543,0.3125177025794983,1.2145978
Cyprus,CYP,2022,Europe,48168.504,0.3153407573699951,0.6008848
Cyprus,CYP,2023,Europe,48958.18,0.3183839917182922,0.81785876
Czechia,CZE,1996,Europe,28021.67,0.2579900920391083,1.6802433
Czechia,CZE,2002,Europe,30919.549,0.2655509412288666,1.3574924
Czechia,CZE,2004,Europe,33452.34,0.2753317952156067,1.3058584
Czechia,CZE,2005,Europe,35535.746,0.2694601714611053,1.0505681
Czechia,CZE,2006,Europe,37786.88,0.2674411833286285,1.2615739
Czechia,CZE,2007,Europe,39629.008,0.2599864900112152,1.2188582
Czechia,CZE,2008,Europe,40328.344,0.2628021240234375,1.0984466
Czechia,CZE,2009,Europe,38175.14,0.2615667581558227,0.9020261
Czechia,CZE,2010,Europe,39097.387,0.2662351429462433,0.98432386
Czechia,CZE,2011,Europe,39708.164,0.2638127505779266,0.8193979
Czechia,CZE,2012,Europe,39347.05,0.2610993981361389,0.9993019
Czechia,CZE,2013,Europe,39317.555,0.2647390365600586,0.8562326
Czechia,CZE,2014,Europe,40158.016,0.259232223033905,0.7701651
Czechia,CZE,2015,Europe,42066.574,0.2586742639541626,0.8361509
Czechia,CZE,2016,Europe,43069.465,0.2540633380413055,0.6171698
Czechia,CZE,2017,Europe,45177.523,0.2485221028327942,0.62610626
Czechia,CZE,2019,Europe,47763.617,0.252621978521347,0.86216086
Czechia,CZE,2020,Europe,45119.938,0.2624513208866119,0.72984886
Czechia,CZE,2021,Europe,47796.035,0.2620210349559784,0.44631484
Czechia,CZE,2022,Europe,48390.66,0.2587038874626159,0.81512475
Czechia,CZE,2023,Europe,47558.41,0.2571399807929992,0.76782775
Germany,DEU,1991,Europe,44125.145,0.2949287295341491,1.403431
Germany,DEU,1992,Europe,44672.69,0.290732592344284,1.4307796
Germany,DEU,1993,Europe,43948.15,0.2861208617687225,1.6542562
Germany,DEU,1994,Europe,44933.293,0.2915941476821899,2.3834093
Germany,DEU,1995,Europe,45475.688,0.2881127297878265,2.4774477
Germany,DEU,1996,Europe,45814.85,0.2799377739429474,2.337619
Germany,DEU,1997,Europe,46596.18,0.282467246055603,2.1847408
Germany,DEU,1998,Europe,47565.453,0.282703697681427,1.9533741
Germany,DEU,1999,Europe,48547.004,0.2904797792434692,1.6234424
Germany,DEU,2000,Europe,49875.875,0.28888139128685,1.6675376
Germany,DEU,2001,Europe,50606.71,0.2994938790798187,1.4414061
Germany,DEU,2002,Europe,50406.38,0.2981053292751312,1.4280783
Germany,DEU,2003,Europe,50111.574,0.2980293035507202,1.3359864
Germany,DEU,2004,Europe,50704.92,0.3019258677959442,1.3545661
Germany,DEU,2005,Europe,51182.96,0.3170409202575683,1.2724456
Germany,DEU,2006,Europe,53222.04,0.3104195892810821,1.2092731
Germany,DEU,2007,Europe,54832.96,0.311770886182785,1.0922705
Germany,DEU,2008,Europe,55425.11,0.3080026507377624,1.0245248
Germany,DEU,2009,Europe,52484.855,0.3047942817211151,0.9921507
Germany,DEU,2010,Europe,54738.707,0.302184134721756,0.98106015
Germany,DEU,2011,Europe,57858.42,0.3061050474643707,0.9127126
Germany,DEU,2012,Europe,58017.586,0.3105579018592834,0.8144209
Germany,DEU,2013,Europe,58089.17,0.3145359754562378,0.8415433
Germany,DEU,2014,Europe,59108.7,0.3084779381752014,0.8798654
Germany,DEU,2015,Europe,59573.707,0.3165391385555267,0.8309215
Germany,DEU,2016,Europe,60407.973,0.3141309022903442,1.1636041
Germany,DEU,2017,Europe,61866.49,0.3131486475467682,0.97829217
Germany,DEU,2018,Europe,62381.348,0.3187211453914642,0.94520104
Germany,DEU,2019,Europe,62849.375,0.3178092539310455,0.7455793
Germany,DEU,2020,Europe,60203.29,0.3243345022201538,0.9350856
Denmark,DNK,1992,Europe,47540.926,0.2469104528427124,1.1989093
Denmark,DNK,1995,Europe,50927.547,0.2295589596033096,1.1273828
Denmark,DNK,2000,Europe,57907.504,0.2376631945371627,1.0862118
Denmark,DNK,2010,Europe,60190.633,0.2719855904579162,0.7570483
Denmark,DNK,2011,Europe,60729.055,0.2731174528598785,0.8257269
Denmark,DNK,2012,Europe,60497.69,0.2779074907302856,0.840499
Denmark,DNK,2013,Europe,61085.03,0.2854254841804504,0.8548024
Denmark,DNK,2014,Europe,61552.8,0.2835288047790527,1.3111748
Denmark,DNK,2015,Europe,62405.715,0.2817724347114563,1.0908386
Denmark,DNK,2016,Europe,63823.45,0.281874418258667,0.97761935
Denmark,DNK,2017,Europe,65352.4,0.2874666154384613,1.2315339
Denmark,DNK,2018,Europe,66238.7,0.2816572785377502,1.0010659
Denmark,DNK,2019,Europe,67131.47,0.2772331535816192,0.85990167
Denmark,DNK,2020,Europe,65744.44,0.2750393748283386,0.8231116
Denmark,DNK,2021,Europe,69715.18,0.2832349240779876,0.6317468
Denmark,DNK,2022,Europe,69475.32,0.2925940155982971,0.9825673
Denmark,DNK,2023,Europe,69379.22,0.2992484867572784,0.8405994
Dominican Republic,DOM,1992,North America,7900.768,0.5105342268943787,10.835889
Dominican Republic,DOM,1996,North America,9036.884,0.4742047786712646,12.847177
Dominican Republic,DOM,1997,North America,9671.148,0.4890393018722534,12.698679
Dominican Republic,DOM,2000,North America,10896.318,0.5151459574699402,14.09568
Dominican Republic,DOM,2001,North America,10991.137,0.4999899864196777,12.5569315
Dominican Republic,DOM,2002,North America,11313.069,0.4967226088047027,14.448329
Dominican Republic,DOM,2003,North America,11000.868,0.5212064981460571,21.178938
Dominican Republic,DOM,2004,North America,11131.2705,0.5205090045928955,24.591175
Dominican Republic,DOM,2005,North America,12022.508,0.4996522665023803,25.951124
Dominican Republic,DOM,2006,North America,12961.918,0.5196129679679871,22.952126
Dominican Republic,DOM,2007,North America,13754.921,0.4885563850402832,22.325258
Dominican Republic,DOM,2008,North America,14030.141,0.4810760617256164,25.007496
Dominican Republic,DOM,2009,North America,13992.41,0.4887566566467285,24.496494
Dominican Republic,DOM,2010,North America,14975.001,0.4732594490051269,25.193033
Dominican Republic,DOM,2011,North America,15258.086,0.4770690500736236,25.2674
Dominican Republic,DOM,2012,North America,15487.277,0.4613354206085205,22.521425
Dominican Republic,DOM,2013,North America,16054.768,0.4765639305114746,19.403889
Dominican Republic,DOM,2014,North America,16993.588,0.4427946805953979,17.546364
Dominican Republic,DOM,2016,North America,18968.975,0.4572271406650543,15.31546
Dominican Republic,DOM,2017,North America,19501.875,0.4219327867031097,11.399812
Dominican Republic,DOM,2018,North America,20662.848,0.4368615746498108,9.905349
Dominican Republic,DOM,2019,North America,21451.287,0.4191723763942718,9.417991
Dominican Republic,DOM,2020,North America,19545.41,0.3962867259979248,8.729776
Dominican Republic,DOM,2021,North America,22053.459,0.3852935433387756,10.536275
Dominican Republic,DOM,2022,North America,22986.959,0.3697940111160278,12.367847
Dominican Republic,DOM,2023,North America,23282.49,0.3839756548404693,10.9166975
Algeria,DZA,2011,Africa,14641.964,0.2761573195457458,0.75873816
Ecuador,ECU,1994,South America,9494.175,0.5333368182182312,10.015655
Ecuador,ECU,1999,South America,9242.967,0.5857383012771606,13.487513
Ecuador,ECU,2000,South America,9183.052,0.5630455017089844,14.445349
Ecuador,ECU,2007,South America,10952.822,0.5335530638694763,15.863187
Ecuador,ECU,2008,South America,11474.525,0.4978812932968139,17.886543
Ecuador,ECU,2009,South America,11403.527,0.4849892854690552,17.705437
Ecuador,ECU,2010,South America,11665.698,0.4880008399486542,17.404345
Ecuador,ECU,2011,South America,12449.078,0.4587163627147674,15.28752
Ecuador,ECU,2012,South America,12961.026,0.4610954225063324,12.342512
Ecuador,ECU,2013,South America,13689.152,0.4686249792575836,10.912799
Ecuador,ECU,2014,South America,14064.799,0.4499267935752868,8.169565
Ecuador,ECU,2015,South America,13881.57,0.4595100879669189,6.4550934
Ecuador,ECU,2016,South America,13586.516,0.4501645565032959,5.810312
Ecuador,ECU,2017,South America,14179.153,0.446701169013977,5.7877555
Ecuador,ECU,2018,South America,14083.507,0.4543803036212921,5.830067
Ecuador,ECU,2019,South America,13870.489,0.4571003913879394,6.8454356
Ecuador,ECU,2020,South America,12440.326,0.4730967283248901,7.8194175
Ecuador,ECU,2021,South America,13507.444,0.457976222038269,14.115687
Ecuador,ECU,2022,South America,14186.639,0.4546512067317962,27.412636
Ecuador,ECU,2023,South America,14343.019,0.4457955360412597,45.722813
Egypt,EGY,1990,Africa,8006.6216,0.3200393915176391,0.4606431
Egypt,EGY,2004,Africa,10451.821,0.3184754550457001,0.4051464
Egypt,EGY,2008,Africa,12391.585,0.3110243678092956,1.1261892
Egypt,EGY,2010,Africa,13128.988,0.3019145727157593,2.06175
Egypt,EGY,2012,Africa,13076.806,0.2829220294952392,2.3690171
Egypt,EGY,2015,Africa,13425.912,0.3182335793972015,1.7179173
Egypt,EGY,2017,Africa,14018.36,0.3153395354747772,1.3115252
Spain,ESP,1990,Europe,31773.227,0.3202321529388428,1.2382199
Spain,ESP,1993,Europe,32137.314,0.3565849065780639,1.1948973
Spain,ESP,1994,Europe,32746.93,0.3510372340679168,1.0763015
Spain,ESP,1995,Europe,33501.73,0.3572663366794586,1.0261471
Spain,ESP,1996,Europe,34232.38,0.3646458089351654,0.9866449
Spain,ESP,1997,Europe,35312.086,0.3532441854476928,1.1453642
Spain,ESP,1998,Europe,36679.094,0.345800518989563,1.2851622
Spain,ESP,1999,Europe,38141.316,0.3379192650318146,1.1908013
Spain,ESP,2000,Europe,39945.9,0.3412891030311584,1.3481302
Spain,ESP,2003,Europe,42223.13,0.3180093765258789,1.3809639
Spain,ESP,2004,Europe,42793.39,0.3330196142196655,1.2027414
Spain,ESP,2005,Europe,43570.766,0.3243177533149719,1.1783738
Spain,ESP,2006,Europe,44572.68,0.3354115486145019,1.0649854
Spain,ESP,2007,Europe,45301.285,0.3413740992546081,1.0589565
Spain,ESP,2008,Europe,44926.348,0.3422040045261383,0.8802845
Spain,ESP,2009,Europe,42852.223,0.3492408394813537,0.88345325
Spain,ESP,2010,Europe,42695.527,0.3524448275566101,0.8560973
Spain,ESP,2011,Europe,42271.836,0.3569397330284118,0.81918305
Spain,ESP,2012,Europe,41034.047,0.3540365993976593,0.7741663
Spain,ESP,2013,Europe,40594.914,0.3618189692497253,0.64446753
Spain,ESP,2014,Europe,41339.41,0.3605230748653412,0.69135
Spain,ESP,2015,Europe,43053.76,0.361783355474472,0.6469069
Spain,ESP,2016,Europe,44274.668,0.3575709164142608,0.62910885
Spain,ESP,2017,Europe,45446.25,0.3465125560760498,0.6550228
Spain,ESP,2018,Europe,46325.21,0.3471632599830627,0.6136817
Spain,ESP,2019,Europe,46896.418,0.3430371284484863,0.6977952
Spain,ESP,2020,Europe,41553.45,0.3486364185810089,0.6942189
Spain,ESP,2021,Europe,44251.664,0.3388591110706329,0.60751224
Spain,ESP,2022,Europe,46733.48,0.3357942104339599,0.67951286
Spain,ESP,2023,Europe,47322.594,0.3340793550014496,0.690856
Estonia,EST,1993,Europe,13758.295,0.3942733407020569,18.745737
Estonia,EST,2007,Europe,35989.863,0.3117837905883789,7.1604147
Estonia,EST,2008,Europe,34236.95,0.3191497027873993,6.4319553
Estonia,EST,2009,Europe,29284.404,0.3144266605377197,5.2452984
Estonia,EST,2010,Europe,30070.299,0.3199983835220337,5.257432
Estonia,EST,2011,Europe,32456.121,0.3248837888240814,4.8969474
Estonia,EST,2012,Europe,33768.574,0.329134851694107,4.763287
Estonia,EST,2013,Europe,34484.223,0.3507548868656158,3.9456127
Estonia,EST,2014,Europe,35723.625,0.3458777964115143,3.1191707
Estonia,EST,2015,Europe,36356.44,0.3266787528991699,3.423157
Estonia,EST,2016,Europe,37470.043,0.3119467198848724,2.5078866
Estonia,EST,2017,Europe,39533.465,0.303542822599411,2.2012646
Estonia,EST,2018,Europe,40853.65,0.3032009899616241,2.1180599
Estonia,EST,2019,Europe,42218.96,0.3076534569263458,1.9595703
Estonia,EST,2020,Europe,40920.527,0.3073707222938537,3.1586797
Estonia,EST,2021,Europe,44251.54,0.3183395862579345,1.9523191
Estonia,EST,2022,Europe,43128.633,0.3225240409374237,1.481381
Estonia,EST,2023,Europe,41288.617,0.3070737719535827,1.5359905
Finland,FIN,1991,Europe,36326.082,0.2287976145744323,3.0714736
Finland,FIN,1995,Europe,37069.63,0.2345913648605346,2.858305
Finland,FIN,2000,Europe,46968.84,0.2715662717819214,2.8592396
Finland,FIN,2003,Europe,49655.547,0.2768642902374267,1.9758468
Finland,FIN,2004,Europe,51494.707,0.2789765298366546,2.8308303
Finland,FIN,2005,Europe,52744.047,0.2761949300765991,2.2683594
Finland,FIN,2006,Europe,54653.98,0.2799872457981109,2.2596738
Finland,FIN,2007,Europe,57313.293,0.2828556299209595,2.4391582
Finland,FIN,2008,Europe,57494.586,0.27838134765625,2.5031161
Finland,FIN,2009,Europe,52599.15,0.2745527625083923,2.2476723
Finland,FIN,2010,Europe,54017.945,0.2771396338939667,2.2001173
Finland,FIN,2011,Europe,55053.39,0.2764264941215515,2.0414824
Finland,FIN,2012,Europe,53957.668,0.2709637880325317,1.6438949
Finland,FIN,2013,Europe,53183.43,0.271936684846878,1.6363143
Finland,FIN,2014,Europe,52710.734,0.2677680552005768,1.6112247
Finland,FIN,2015,Europe,52782.49,0.2710181176662445,1.4964275
Finland,FIN,2016,Europe,53984.633,0.2707842290401459,1.3465638
Finland,FIN,2017,Europe,55637.227,0.2738283276557922,1.216325
Finland,FIN,2018,Europe,56226.336,0.2732957005500793,1.5954351
Finland,FIN,2019,Europe,56922.49,0.2773712575435638,1.4669238
Finland,FIN,2020,Europe,55424.86,0.2709104418754577,1.7541918
Finland,FIN,2021,Europe,56790.375,0.2770850658416748,1.2813398
Finland,FIN,2022,Europe,57068.305,0.2792592346668243,1.2389351
Finland,FIN,2023,Europe,56250.88,0.2739983201026916,0.98193496
Fiji,FJI,2008,Oceania,9711.966,0.4037558734416961,1.881782
Fiji,FJI,2013,Oceania,10604.156,0.3669659793376922,2.073438
France,FRA,1990,Europe,38655.887,0.3211906254291534,2.3776002
France,FRA,1996,Europe,40990.74,0.320165753364563,2.005802
France,FRA,1997,Europe,41876.934,0.3190014958381653,1.644224
France,FRA,1998,Europe,43162.543,0.3165776431560516,1.6349428
France,FRA,1999,Europe,44400.137,0.3249977231025696,1.6129521
France,FRA,2000,Europe,45922.48,0.3255305588245392,1.7668701
France,FRA,2001,Europe,46454.87,0.325332909822464,1.7477636
France,FRA,2002,Europe,46610.78,0.3177815675735473,1.8548832
France,FRA,2003,Europe,46730.977,0.3141105473041534,1.6249287
France,FRA,2004,Europe,47720.44,0.3064725697040558,1.6183016
France,FRA,2005,Europe,48257.465,0.2983386814594269,1.583772
France,FRA,2006,Europe,49223.246,0.2969108819961548,1.4166032
France,FRA,2007,Europe,50157.785,0.3242770731449127,1.5905193
France,FRA,2008,Europe,50068.297,0.3299644291400909,1.6263092
France,FRA,2009,Europe,48404.965,0.3266122043132782,1.2978069
France,FRA,2010,Europe,49130.42,0.3372041881084442,1.2551768
France,FRA,2011,Europe,50085.684,0.3329474925994873,1.3430868
France,FRA,2012,Europe,49935.625,0.3311485946178436,1.223882
France,FRA,2013,Europe,50066.53,0.3251255452632904,1.2067516
France,FRA,2014,Europe,50326.566,0.3226215839385986,1.2242533
France,FRA,2015,Europe,50682.895,0.3270423114299774,1.5589297
France,FRA,2016,Europe,50984.074,0.3192351758480072,1.1968622
France,FRA,2017,Europe,51895.566,0.3163205087184906,1.087543
France,FRA,2018,Europe,52560.953,0.3238066434860229,1.0622785
France,FRA,2019,Europe,53448.555,0.311995655298233,1.1456051
France,FRA,2020,Europe,49311.332,0.3066146969795227,1.0499917
France,FRA,2021,Europe,52517.336,0.3150095641613006,1.1107152
France,FRA,2022,Europe,53673.812,0.3123691082000732,1.2387328
France,FRA,2023,Europe,54296.723,0.3180930912494659,1.3350629
United Kingdom,GBR,1990,Europe,32993.168,0.3574196994304657,1.2724617
United Kingdom,GBR,1991,Europe,32466.195,0.3496281802654266,1.38997
United Kingdom,GBR,1992,Europe,32797.73,0.3495547175407409,1.3842863
United Kingdom,GBR,1993,Europe,33861.254,0.3507595956325531,1.3497857
United Kingdom,GBR,1994,Europe,35448.18,0.3597892224788666,1.4223353
United Kingdom,GBR,1995,Europe,36603.74,0.3551664054393768,1.3911188
United Kingdom,GBR,1996,Europe,37465.38,0.3529523909091949,1.2813352
United Kingdom,GBR,1997,Europe,39192.61,0.3573516309261322,1.2541257
United Kingdom,GBR,1998,Europe,40347.18,0.3662147223949432,1.3833259
United Kingdom,GBR,1999,Europe,41396.938,0.3678377866744995,1.4004397
United Kingdom,GBR,2000,Europe,43115.562,0.3884864151477813,1.5425688
United Kingdom,GBR,2001,Europe,43976.84,0.3708621561527252,1.6259588
United Kingdom,GBR,2002,Europe,44539.465,0.3514639437198639,1.8592304
United Kingdom,GBR,2005,Europe,47529.938,0.3548503220081329,1.3779763
United Kingdom,GBR,2006,Europe,48215.047,0.3587998747825622,1.4119321
United Kingdom,GBR,2007,Europe,49243.25,0.3441314697265625,1.42031
United Kingdom,GBR,2008,Europe,48833.07,0.3544512391090393,1.2252669
United Kingdom,GBR,2009,Europe,46241.805,0.3513736426830292,1.124688
United Kingdom,GBR,2010,Europe,46917.89,0.3370560109615326,1.1998765
United Kingdom,GBR,2011,Europe,46949.02,0.3319108486175537,1.0077267
United Kingdom,GBR,2012,Europe,47328.21,0.3309064507484436,0.98029274
United Kingdom,GBR,2013,Europe,47820.28,0.3269956707954407,0.9349367
United Kingdom,GBR,2014,Europe,48964.285,0.3314093947410583,0.90031874
United Kingdom,GBR,2015,Europe,49652.72,0.3331196308135986,0.9482717
United Kingdom,GBR,2016,Europe,50346.86,0.331093281507492,1.1731076
United Kingdom,GBR,2017,Europe,51586.676,0.326082319021225,1.1755048
United Kingdom,GBR,2018,Europe,52131.695,0.3368980288505554,1.0905963
United Kingdom,GBR,2019,Europe,52515.684,0.3282418549060821,1.1503338
United Kingdom,GBR,2020,Europe,47158.984,0.3264457583427429,0.9457794
United Kingdom,GBR,2021,Europe,51004.426,0.3241463303565979,1.1186842
Georgia,GEO,1996,Asia,4339.005,0.3713270723819732,5.610069
Georgia,GEO,1997,Asia,4951.813,0.4068089723587036,6.0698266
Georgia,GEO,1998,Asia,5233.2886,0.412279725074768,5.3097916
Georgia,GEO,1999,Asia,5495.245,0.4012637138366699,5.4762754
Georgia,GEO,2000,Asia,5706.2725,0.4045737087726593,5.521724
Georgia,GEO,2001,Asia,6074.0864,0.3955507278442383,6.2475705
Georgia,GEO,2002,Asia,6464.325,0.3724569082260132,7.0739064
Georgia,GEO,2004,Asia,7693.915,0.3616828918457031,7.347007
Georgia,GEO,2005,Asia,8485.587,0.3737491965293884,10.00961
Georgia,GEO,2006,Asia,9337.989,0.3686513602733612,8.081887
Georgia,GEO,2007,Asia,10567.274,0.3810798525810241,8.317391
Georgia,GEO,2008,Asia,10856.104,0.3853241503238678,6.673102
Georgia,GEO,2009,Asia,10553.09,0.382345050573349,5.358591
Georgia,GEO,2010,Asia,11294.368,0.3945838809013366,4.7998877
Georgia,GEO,2016,Asia,15442.956,0.3663964867591858,1.0284655
Georgia,GEO,2017,Asia,16237.624,0.3793957531452179,2.3992455
Georgia,GEO,2018,Asia,17228.68,0.3641136288642883,2.345267
Georgia,GEO,2019,Asia,18186.88,0.3590069711208343,2.028065
Ghana,GHA,2005,Africa,3721.3079,0.427562415599823,1.7506006
Ghana,GHA,2012,Africa,5339.7134,0.4237164258956909,2.0946898
Ghana,GHA,2016,Africa,5666.078,0.4350859522819519,1.8700986
Greece,GRC,1995,Europe,27646.148,0.3696634173393249,1.4354657
Greece,GRC,2002,Europe,34081.027,0.3552097976207733,0.8631546
Greece,GRC,2004,Europe,37811.492,0.335880309343338,1.0139426
Greece,GRC,2005,Europe,38146.965,0.3459669053554535,1.2020398
Greece,GRC,2006,Europe,40483.156,0.3512181937694549,0.9985382
Greece,GRC,2007,Europe,41796.234,0.3395082056522369,1.1769247
Greece,GRC,2008,Europe,41709.387,0.3358771800994873,1.300006
Greece,GRC,2009,Europe,39886.215,0.3361497223377228,1.3683747
Greece,GRC,2010,Europe,37566.75,0.3409875929355621,1.5820694
Greece,GRC,2011,Europe,33906.492,0.3484191596508026,1.656338
Greece,GRC,2012,Europe,31250.227,0.3625036180019378,1.502494
Greece,GRC,2013,Europe,30762.443,0.3612728714942932,1.3950256
Greece,GRC,2014,Europe,31213.377,0.358045220375061,0.9822672
Greece,GRC,2015,Europe,31347.977,0.359968364238739,0.8594477
Greece,GRC,2016,Europe,31468.62,0.3495604395866394,0.7795459
Greece,GRC,2017,Europe,31995.41,0.3435030877590179,0.79973716
Greece,GRC,2018,Europe,32722.33,0.3289003670215606,0.9225743
Greece,GRC,2019,Europe,33502.75,0.3310182988643646,0.72770864
Greece,GRC,2020,Europe,30487.113,0.3355811536312103,0.72901493
Greece,GRC,2021,Europe,33531.156,0.3293948471546173,0.84124476
Greece,GRC,2022,Europe,35831.344,0.3337360024452209,1.1236516
Greece,GRC,2023,Europe,36700.51,0.3343870937824249,0.8396053
Grenada,GRD,2018,North America,16964.852,0.438164085149765,10.3724575
Guatemala,GTM,1998,North America,8559.986,0.4939759969711303,29.715027
Guatemala,GTM,2000,North America,8770.404,0.5417457222938538,24.825623
Guatemala,GTM,2006,North America,9386.001,0.5454021692276001,44.024822
Guatemala,GTM,2014,North America,10553.564,0.4832651913166046,33.49759
Guatemala,GTM,2023,North America,12384.948,0.4521268308162689,23.365726
Guyana,GUY,1992,South America,5799.2183,0.3946759104728699,14.001661
Guyana,GUY,1998,South America,7915.2295,0.4505282938480377,14.798605
Honduras,HND,1990,North America,1172.0798,0.559285581111908,9.949483
Honduras,HND,1991,North America,1436.0507,0.5181965231895447,13.735788
Honduras,HND,1992,North America,1521.9473,0.5180389881134033,18.118538
Honduras,HND,1993,North America,1681.0824,0.5344483852386475,23.095432
Honduras,HND,1994,North America,2108.2742,0.5499133467674255,30.155447
Honduras,HND,1995,North America,2555.0261,0.5546936988830566,26.726427
Honduras,HND,1999,North America,4293.827,0.5521424412727356,40.04398
Honduras,HND,2001,North America,4578.9478,0.5535134673118591,51.612957
Honduras,HND,2002,North America,4627.023,0.5570878982543945,52.2132
Honduras,HND,2003,North America,4714.867,0.580780565738678,57.21138
Honduras,HND,2004,North America,4885.343,0.5809237360954285,49.856182
Honduras,HND,2005,North America,5056.6753,0.5947672724723816,42.950626
Honduras,HND,2006,North America,5263.1504,0.5752498507499695,40.7218
Honduras,HND,2007,North America,5461.9014,0.5581572651863098,45.79569
Honduras,HND,2008,North America,5566.7065,0.5548926591873169,55.60002
Honduras,HND,2009,North America,5313.756,0.5128166675567627,64.469666
Honduras,HND,2010,North America,5396.0723,0.5308563709259033,74.54089
Honduras,HND,2011,North America,5488.4336,0.5255374312400818,83.17934
Honduras,HND,2012,North America,5600.608,0.533649206161499,82.294174
Honduras,HND,2013,North America,5644.134,0.4995847642421722,72.34559
Honduras,HND,2014,North America,5705.1626,0.4987486898899078,64.99967
Honduras,HND,2015,North America,5812.5347,0.4924869835376739,55.73054
Honduras,HND,2016,North America,5926.49,0.4979712963104248,54.71517
Honduras,HND,2017,North America,6099.6074,0.4944456815719604,40.2998
Honduras,HND,2018,North America,6219.28,0.489278495311737,37.981773
Honduras,HND,2019,North America,6264.019,0.4816896915435791,41.011166
Honduras,HND,2023,North America,6467.88,0.4682682752609253,31.442432
Croatia,HRV,2009,Europe,27617.043,0.3255360126495361,1.136751
Croatia,HRV,2010,Europe,27309.94,0.323729932308197,1.4414765
Croatia,HRV,2011,Europe,27374.002,0.3225421607494354,1.1446395
Croatia,HRV,2012,Europe,26888.752,0.3247163891792297,1.1973977
Croatia,HRV,2013,Europe,27020.545,0.3199221491813659,1.0842925
Croatia,HRV,2014,Europe,27076.57,0.3210290968418121,0.8531859
Croatia,HRV,2015,Europe,28037.549,0.3111312985420227,0.8843786
Croatia,HRV,2016,Europe,29326.32,0.3089787364006042,1.0637157
Croatia,HRV,2017,Europe,30779.994,0.3035227358341217,1.1276721
Croatia,HRV,2018,Europe,32093.988,0.2972862422466278,0.59629285
Croatia,HRV,2019,Europe,33419.375,0.2890828251838684,0.82782817
Croatia,HRV,2020,Europe,30917.37,0.2954330444335937,1.0116445
Croatia,HRV,2021,Europe,35139.145,0.2889594733715057,0.8408479
Croatia,HRV,2022,Europe,37930.586,0.3001732230186462,0.7934422
Croatia,HRV,2023,Europe,39316.152,0.3010595738887787,0.66734713
Haiti,HTI,2012,North America,3296.2478,0.6045080423355103,10.258427
Hungary,HUN,1991,Europe,18765.416,0.2962293028831482,2.9581306
Hungary,HUN,1993,Europe,18113.336,0.2793830335140228,2.8773172
Hungary,HUN,1994,Europe,18672.707,0.3328559696674347,3.0270977
Hungary,HUN,1999,Europe,21128.889,0.3021984398365021,2.4755876
Hungary,HUN,2004,Europe,26568.12,0.298643559217453,2.0722222
Hungary,HUN,2005,Europe,27765.79,0.3472095131874084,1.6292945
Hungary,HUN,2006,Europe,28903.047,0.2829602062702179,1.731353
Hungary,HUN,2007,Europe,29044.066,0.278818279504776,1.5347693
Hungary,HUN,2008,Europe,29384.008,0.2751402556896209,1.8069901
Hungary,HUN,2009,Europe,27445.959,0.2695926129817962,1.3898085
Hungary,HUN,2010,Europe,27801.834,0.2944412231445312,1.3828863
Hungary,HUN,2011,Europe,28415.117,0.2915791273117065,1.4577733
Hungary,HUN,2012,Europe,28179.656,0.3080250918865204,1.2504257
Hungary,HUN,2013,Europe,28891.021,0.315041035413742,1.5572313
Hungary,HUN,2014,Europe,30264.95,0.3091303706169128,1.4803035
Hungary,HUN,2015,Europe,31485.568,0.3040709197521209,2.246115
Hungary,HUN,2016,Europe,32378.967,0.3032402098178863,2.0590117
Hungary,HUN,2017,Europe,33828.715,0.3058254420757293,1.6350548
Indonesia,IDN,1998,Asia,5897.6855,0.3085094094276428,0.83783394
Indonesia,IDN,1999,Asia,5855.658,0.3078847527503967,0.98119915
Indonesia,IDN,2000,Asia,6056.382,0.3030627369880676,1.0200031
Indonesia,IDN,2003,Asia,6599.092,0.2932318747043609,0.72651166
Indonesia,IDN,2004,Asia,6843.5464,0.3041650652885437,0.6225687
Indonesia,IDN,2022,Asia,13334.266,0.355120301246643,0.30376875
India,IND,1993,Asia,2307.6072,0.2610981166362762,5.199658
India,IND,2004,Asia,3656.1262,0.2768206596374511,4.09246
India,IND,2009,Asia,4731.362,0.2782588601112366,3.739133
India,IND,2011,Asia,5249.5493,0.2877688407897949,3.77728
India,IND,2022,Asia,8594.392,0.2551499605178833,2.8153043
Ireland,IRL,1994,Europe,33092.062,0.3691420555114746,0.6963485
Ireland,IRL,1995,Europe,36094.76,0.3704509139060974,1.1909058
Ireland,IRL,1996,Europe,38452.945,0.3562213480472564,1.1543189
Ireland,IRL,2000,Europe,53675.004,0.3300520479679107,0.9730223
Ireland,IRL,2002,Europe,57927.49,0.3229025602340698,1.3236797
Ireland,IRL,2003,Europe,58709.156,0.3288742005825043,0.9266367
Ireland,IRL,2004,Europe,61558.58,0.33609539270401,0.7378142
Ireland,IRL,2005,Europe,63689.086,0.3375394940376282,1.2514187
Ireland,IRL,2006,Europe,65087.18,0.327275663614273,1.4524064
Ireland,IRL,2007,Europe,66590.195,0.3194657564163208,1.7753447
Ireland,IRL,2008,Europe,62320.668,0.3090561628341675,1.1368704
Ireland,IRL,2009,Europe,58547.266,0.3268015384674072,1.1690097
Ireland,IRL,2010,Europe,59209.1,0.3229482769966125,1.1844496
Ireland,IRL,2011,Europe,59899.918,0.3287218809127807,0.91711015
Ireland,IRL,2012,Europe,59405.047,0.332200139760971,1.1086638
Ireland,IRL,2013,Europe,60388.94,0.334856778383255,1.0162851
Ireland,IRL,2014,Europe,65575.805,0.3187445402145386,1.0089651
Ireland,IRL,2015,Europe,80954.664,0.3182036876678467,0.5741643
Ireland,IRL,2016,Europe,80899.02,0.3280714452266693,0.6942249
Ireland,IRL,2017,Europe,87882.71,0.3135872185230255,0.789978
Ireland,IRL,2018,Europe,93276.016,0.3060292601585388,0.77987826
Ireland,IRL,2019,Europe,96371.29,0.3025754988193512,0.64862794
Ireland,IRL,2020,Europe,101968.555,0.2922815084457397,0.6221643
Ireland,IRL,2021,Europe,116903.61,0.293718546628952,0.4375127
Ireland,IRL,2022,Europe,123219.08,0.2991203069686889,0.8610541
Ireland,IRL,2023,Europe,117862.125,0.2897247076034546,0.6542702
Iran,IRN,2009,Asia,15055.149,0.420500248670578,2.897022
Iran,IRN,2013,Asia,14734.74,0.3396950960159302,2.5331194
Iran,IRN,2014,Asia,15262.852,0.3481402099132538,2.3754005
Iraq,IRQ,2012,Asia,13357.015,0.2954185605049133,8.013705
Iceland,ISL,2005,Europe,57512.42,0.29002445936203,1.0106642
Iceland,ISL,2006,Europe,59364.29,0.3024500906467438,0.0
Iceland,ISL,2007,Europe,62940.746,0.2947088778018951,0.6417445
Iceland,ISL,2008,Europe,62831.17,0.3178927898406982,0.0
Iceland,ISL,2009,Europe,57406.47,0.286562442779541,0.31386137
Iceland,ISL,2010,Europe,56211.836,0.2617129683494568,0.6286185
Iceland,ISL,2011,Europe,56813.742,0.268302708864212,0.94003516
Iceland,ISL,2012,Europe,57173.043,0.2676942348480224,0.31168136
Iceland,ISL,2013,Europe,58671.93,0.2540291547775268,0.30875108
Iceland,ISL,2014,Europe,59133.27,0.2780041694641113,0.30533186
Iceland,ISL,2015,Europe,60725.727,0.2678797245025635,0.9064772
Iceland,ISL,2016,Europe,63612.555,0.272411048412323,0.2979973
Iceland,ISL,2017,Europe,64303.38,0.2613157927989959,0.8732824
Iceland,ISL,2018,Europe,65521.93,0.2656500935554504,0.85021
Iceland,ISL,2019,Europe,64826.434,0.2680255770683288,0.27723908
Israel,ISR,1992,Asia,26752.4,0.355072557926178,3.005706
Israel,ISR,1997,Asia,30707.006,0.3809710741043091,2.7627866
Israel,ISR,2001,Asia,32590.229,0.3894766271114349,3.083076
Israel,ISR,2002,Asia,31897.584,0.3955942392349243,3.2562482
Israel,ISR,2003,Asia,31780.78,0.4072256982326507,2.6296284
Israel,ISR,2004,Asia,32675.209,0.4145630002021789,2.4035964
Israel,ISR,2005,Asia,33512.89,0.4226762354373932,2.5118136
Israel,ISR,2006,Asia,34770.027,0.4155532121658325,2.2355244
Israel,ISR,2007,Asia,36317.85,0.4109863340854645,1.9389713
Israel,ISR,2008,Asia,36827.926,0.416426807641983,1.6942881
Israel,ISR,2009,Asia,36403.164,0.4263395071029663,1.9983081
Israel,ISR,2010,Asia,37722.41,0.4255946576595306,2.044506
Israel,ISR,2011,Asia,39075.375,0.4144416451454162,1.9676021
Israel,ISR,2012,Asia,39299.35,0.4130220413208008,1.6824881
Israel,ISR,2013,Asia,40148.777,0.3987052738666534,1.690458
Israel,ISR,2014,Asia,40872.582,0.3975749015808105,1.6334947
Israel,ISR,2015,Asia,40967.37,0.3971953094005584,1.4901448
Israel,ISR,2016,Asia,41963.676,0.3901301622390747,1.3398286
Israel,ISR,2017,Asia,42947.06,0.3820206522941589,1.6264447
Israel,ISR,2018,Asia,43814.297,0.3857717514038086,1.4570979
Israel,ISR,2019,Asia,44580.81,0.382822185754776,1.6402013
Israel,ISR,2020,Asia,42915.94,0.3777355849742889,1.6703832
Israel,ISR,2021,Asia,46162.082,0.3789384961128235,1.9344902
Italy,ITA,1991,Europe,43283.02,0.3104997277259826,3.3955088
Italy,ITA,1993,Europe,43216.11,0.3508643805980682,1.8733351
Italy,ITA,1995,Europe,45410.14,0.352108746767044,1.7629635
Italy,ITA,1998,Europe,47701.4,0.3665250241756439,1.553783
Italy,ITA,2000,Europe,50353.42,0.3524496257305145,1.3374727
Italy,ITA,2002,Europe,51369.113,0.3469586074352264,1.1215482
Italy,ITA,2005,Europe,51585.645,0.3383101522922516,1.0423841
Italy,ITA,2006,Europe,52304.242,0.3369481265544891,1.0637496
Italy,ITA,2007,Europe,52747.19,0.3288832306861877,1.0675244
Italy,ITA,2008,Europe,51806.39,0.3376778662204742,1.032543
Italy,ITA,2009,Europe,48774.39,0.3383304476737976,0.984909
Italy,ITA,2010,Europe,49301.695,0.3471685647964477,0.87926024
Italy,ITA,2011,Europe,49473.016,0.3505309522151947,0.91439354
Italy,ITA,2012,Europe,47795.957,0.3515157401561737,0.875577
Italy,ITA,2013,Europe,46833.363,0.3490581214427948,0.82764715
Italy,ITA,2014,Europe,46825.652,0.3465250134468078,0.7829992
Italy,ITA,2015,Europe,47311.824,0.3539020419120788,0.77424276
Italy,ITA,2016,Europe,47987.84,0.3523975908756256,0.6680103
Italy,ITA,2017,Europe,48849.22,0.3592233657836914,0.62261635
Italy,ITA,2018,Europe,49133.145,0.3521744310855865,0.5955788
Italy,ITA,2019,Europe,49690.63,0.3458367586135864,0.5271899
Italy,ITA,2020,Europe,45505.07,0.3524098098278045,0.4756916
Italy,ITA,2021,Europe,49825.395,0.3484465181827545,0.5072883
Italy,ITA,2022,Europe,52333.33,0.3365152776241302,0.54009527
Italy,ITA,2023,Europe,52870.324,0.3434462249279022,0.56807244
Jamaica,JAM,1990,North America,8879.653,0.4111373424530029,22.858324
Jamaica,JAM,1993,North America,10088.232,0.3567342162132263,26.817251
Jamaica,JAM,1996,North America,10147.464,0.4039490222930908,36.641464
Jamaica,JAM,1999,North America,9650.4375,0.4407847225666046,32.975582
Jamaica,JAM,2002,North America,9869.713,0.483156681060791,39.574768
Jamaica,JAM,2004,North America,10244.207,0.4545747339725494,55.04776
Jamaica,JAM,2018,North America,10636.093,0.3533338606357574,45.707638
Jamaica,JAM,2021,North America,10430.691,0.3987447321414947,51.943813
Jordan,JOR,1992,Asia,7737.969,0.4309958219528198,3.4159522
Jordan,JOR,1997,Asia,7775.5425,0.3642052710056305,0.8322954
Jordan,JOR,2008,Asia,10641.59,0.3257344961166382,1.7167711
Jordan,JOR,2010,Asia,10953.538,0.3365572988986969,1.7541351
Japan,JPN,2008,Asia,41645.57,0.3459921181201935,0.5103156
Japan,JPN,2009,Asia,39279.5,0.3297948241233825,0.39471897
Japan,JPN,2010,Asia,40881.797,0.3149226009845733,0.36275616
Japan,JPN,2011,Asia,40967.344,0.3297563195228576,0.34505254
Japan,JPN,2012,Asia,41596.92,0.325348824262619,0.33534414
Japan,JPN,2013,Asia,42492.242,0.3153354525566101,0.28968793
Japan,JPN,2014,Asia,42674.7,0.3127795457839966,0.30983648
Japan,JPN,2015,Asia,43386.71,0.3070093095302582,0.28520724
Japan,JPN,2016,Asia,43736.13,0.3184059262275696,0.2846808
Japan,JPN,2017,Asia,44505.277,0.3179273605346679,0.24082221
Japan,JPN,2018,Asia,44848.49,0.3289495408535003,0.26317152
Japan,JPN,2019,Asia,44730.91,0.329849362373352,0.251777
Japan,JPN,2020,Asia,42992.48,0.3233927488327026,0.2517724
Kazakhstan,KAZ,1993,Asia,12795.875,0.3266573548316955,14.970054
Kazakhstan,KAZ,1996,Asia,10857.436,0.3537830710411072,15.990471
Kazakhstan,KAZ,2001,Asia,14612.029,0.3596448600292206,13.867889
Kazakhstan,KAZ,2002,Asia,15960.874,0.3481113016605377,12.56333
Kazakhstan,KAZ,2003,Asia,17344.752,0.3369147777557373,12.643373
Kazakhstan,KAZ,2004,Asia,18886.582,0.3183875977993011,13.192296
Kazakhstan,KAZ,2008,Asia,24895.664,0.2849644422531128,11.000501
Kazakhstan,KAZ,2009,Asia,24901.354,0.2820886671543121,10.655935
Kazakhstan,KAZ,2010,Asia,26374.84,0.2795451283454895,8.237903
Kazakhstan,KAZ,2011,Asia,27946.16,0.2798384428024292,8.320637
Kazakhstan,KAZ,2012,Asia,28881.242,0.2816882133483886,7.315337
Kazakhstan,KAZ,2013,Asia,30177.488,0.2706542909145355,6.379403
Kazakhstan,KAZ,2014,Asia,30986.438,0.270158588886261,5.0740094
Kazakhstan,KAZ,2015,Asia,30893.76,0.2680366635322571,4.7168326
Kazakhstan,KAZ,2017,Asia,31524.441,0.2745027542114258,4.9056582
Kazakhstan,KAZ,2020,Asia,32011.549,0.2868391871452331,3.110545
Kazakhstan,KAZ,2021,Asia,32945.85,0.2919153273105621,2.8464916
Kenya,KEN,2005,Africa,3844.7356,0.4644277095794678,3.027113
Kenya,KEN,2015,Africa,4679.622,0.4077487885951996,4.8015943
Kenya,KEN,2020,Africa,5057.4014,0.36246457695961,3.5601206
Kenya,KEN,2021,Africa,5338.8525,0.3870196342468261,5.2537465
Kenya,KEN,2022,Africa,5491.694,0.3774377405643463,4.8716683
South Korea,KOR,2006,Asia,34429.62,0.3170298337936401,0.86587715
South Korea,KOR,2008,Asia,37064.152,0.3232483267784118,0.88845104
South Korea,KOR,2010,Asia,39574.05,0.3202122449874878,0.9937274
South Korea,KOR,2012,Asia,41537.67,0.3155805170536041,0.8770236
South Korea,KOR,2014,Asia,43806.926,0.3119290471076965,0.74595773
South Korea,KOR,2016,Asia,46088.242,0.3522220551967621,0.69398636
South Korea,KOR,2017,Asia,47536.79,0.348546415567398,0.58462185
South Korea,KOR,2018,Asia,48834.445,0.3372503221035003,0.598363
South Korea,KOR,2019,Asia,49790.867,0.3319616317749023,0.5737152
South Korea,KOR,2020,Asia,49374.094,0.3270860612392425,0.59392405
South Korea,KOR,2021,Asia,51718.25,0.32906574010849,0.47253147
Lebanon,LBN,2011,Asia,17353.195,0.3183245062828064,3.29669
Liberia,LBR,2007,Africa,1422.1002,0.3644657731056213,2.7255015
Saint Lucia,LCA,1995,North America,18048.781,0.4258438050746918,10.795639
Saint Lucia,LCA,2015,North America,21142.973,0.5122506618499756,16.008736
Sri Lanka,LKA,1990,Asia,4561.579,0.3244743347167969,12.138848
Sri Lanka,LKA,1995,Asia,5523.312,0.3539953827857971,9.189216
Sri Lanka,LKA,2006,Asia,7970.665,0.3966901898384094,10.043036
Sri Lanka,LKA,2009,Asia,9156.319,0.3605415225028991,5.2947435
Sri Lanka,LKA,2012,Asia,11447.693,0.3871360719203949,3.1932797
Sri Lanka,LKA,2016,Asia,13845.614,0.3934577405452728,2.4189014
Sri Lanka,LKA,2019,Asia,14637.444,0.3766377568244934,3.3109403
Lesotho,LSO,1994,Africa,1675.5978,0.6301149725914001,43.21196
Lithuania,LTU,1993,Europe,12861.695,0.331837922334671,11.303744
Lithuania,LTU,2004,Europe,21867.287,0.3701108396053314,10.157849
Lithuania,LTU,2005,Europe,23944.701,0.3529672026634216,11.197187
Lithuania,LTU,2006,Europe,26129.34,0.3441445827484131,8.807857
Lithuania,LTU,2007,Europe,29370.773,0.3478911221027374,8.572205
Lithuania,LTU,2008,Europe,30445.781,0.3572700321674347,9.316924
Lithuania,LTU,2009,Europe,26217.545,0.3721846342086792,7.9664803
Lithuania,LTU,2010,Europe,26887.492,0.3360871374607086,7.069717
Lithuania,LTU,2011,Europe,29240.748,0.3248642981052398,6.96682
Lithuania,LTU,2012,Europe,30920.33,0.3509230017662048,6.7596292
Lithuania,LTU,2013,Europe,32474.64,0.3530731797218323,6.6928964
Lithuania,LTU,2014,Europe,33975.086,0.3767502307891845,5.42076
Lithuania,LTU,2015,Europe,35251.297,0.3737030029296875,5.9192696
Lithuania,LTU,2016,Europe,36618.15,0.3838584125041961,5.332665
Lithuania,LTU,2017,Europe,38774.49,0.3728358447551727,3.5344276
Lithuania,LTU,2018,Europe,41019.79,0.3570533096790313,3.282809
Lithuania,LTU,2019,Europe,43062.324,0.3525134921073913,3.3630786
Lithuania,LTU,2020,Europe,43091.797,0.3595664203166961,3.6126075
Lithuania,LTU,2021,Europe,45873.527,0.3665640950202942,2.5765011
Lithuania,LTU,2022,Europe,46651.215,0.3656238913536072,2.3784847
Lithuania,LTU,2023,Europe,46159.707,0.3596165180206299,2.6277995
Luxembourg,LUX,1994,Europe,92375.36,0.2814786732196808,1.49035
Luxembourg,LUX,1995,Europe,92391.34,0.2834894955158233,0.4899235
Luxembourg,LUX,1996,Europe,92416.516,0.2904336750507355,0.96670544
Luxembourg,LUX,1997,Europe,96211.734,0.2959525883197784,0.95472574
Luxembourg,LUX,1998,Europe,101364.67,0.3062281310558319,0.9430526
Luxembourg,LUX,1999,Europe,108180.41,0.3004105687141418,1.3956832
Luxembourg,LUX,2000,Europe,114141.586,0.301029622554779,0.91715246
Luxembourg,LUX,2001,Europe,116258.43,0.3092632293701172,2.0373445
Luxembourg,LUX,2002,Europe,118757.53,0.310638964176178,1.3441206
Luxembourg,LUX,2003,Europe,120396.26,0.3018747270107269,0.6639548
Luxembourg,LUX,2004,Europe,123720.26,0.3017269670963287,0.43639967
Luxembourg,LUX,2005,Europe,124866.86,0.3084080815315246,0.85954314
Luxembourg,LUX,2006,Europe,130284.97,0.3094812035560608,1.4803348
Luxembourg,LUX,2007,Europe,138677.97,0.3113374710083008,1.4575135
Luxembourg,LUX,2008,Europe,135812.22,0.3256154358386993,1.6360236
Luxembourg,LUX,2009,Europe,129002.24,0.311969131231308,1.0036402
Luxembourg,LUX,2010,Europe,131432.06,0.3050437867641449,1.9707929
Luxembourg,LUX,2011,Europe,129885.37,0.3205409049987793,0.7713312
Luxembourg,LUX,2012,Europe,128895.41,0.343471497297287,0.0
Luxembourg,LUX,2013,Europe,129945.45,0.3203595876693725,0.18404225
Luxembourg,LUX,2014,Europe,130247.664,0.3115806877613067,0.71906364
Luxembourg,LUX,2015,Europe,130097.26,0.3292146921157837,0.87790763
Luxembourg,LUX,2016,Europe,133661.66,0.3172789514064789,0.8568892
Luxembourg,LUX,2017,Europe,132169.83,0.3451529145240783,0.3352917
Luxembourg,LUX,2018,Europe,131733.89,0.3536786437034607,0.4933391
Luxembourg,LUX,2019,Europe,132724.75,0.3424115478992462,0.6449917
Luxembourg,LUX,2020,Europe,129865.63,0.333736389875412,0.47573966
Luxembourg,LUX,2021,Europe,136772.44,0.3271903395652771,0.62473255
Luxembourg,LUX,2022,Europe,132570.83,0.3409398794174194,1.5306611
Latvia,LVA,1993,Europe,10255.142,0.2699313163757324,15.094664
Latvia,LVA,1995,Europe,10707.515,0.3097748458385467,11.585113
Latvia,LVA,1996,Europe,11077.862,0.3159076273441314,10.903592
Latvia,LVA,2012,Europe,27496.545,0.3523600995540619,3.440423
Latvia,LVA,2013,Europe,28375.184,0.3549732267856598,2.4838426
Latvia,LVA,2014,Europe,29243.742,0.351136177778244,3.209389
Latvia,LVA,2015,Europe,30599.613,0.3420246839523315,3.3874876
Latvia,LVA,2016,Europe,31668.516,0.3432884216308594,3.5206542
Latvia,LVA,2017,Europe,33036.39,0.3557101488113403,4.1696825
Latvia,LVA,2018,Europe,34729.707,0.3509570658206939,4.3577776
Latvia,LVA,2019,Europe,35208.195,0.3448910713195801,3.3955626
Latvia,LVA,2020,Europe,34225.9,0.3570395112037658,3.6820333
Latvia,LVA,2021,Europe,36912.01,0.3425582945346832,3.0229313
Latvia,LVA,2022,Europe,37718.71,0.3367584645748138,3.5618157
Latvia,LVA,2023,Europe,37277.723,0.3397468030452728,2.4968178
Morocco,MAR,1990,Africa,4418.66,0.3920690417289734,0.36511996
Morocco,MAR,1998,Africa,5033.9233,0.3935391306877136,2.012914
Morocco,MAR,2000,Africa,5100.1157,0.4063694179058075,1.621901
Morocco,MAR,2006,Africa,6488.674,0.4071830213069916,1.6183976
Morocco,MAR,2013,Africa,7839.032,0.3954850733280182,1.2696977
Moldova,MDA,1997,Europe,6185.8394,0.3694214224815368,9.50514
Moldova,MDA,1998,Europe,5783.486,0.3951853811740875,8.68314
Moldova,MDA,1999,Europe,5597.4653,0.4262399077415466,9.139324
Moldova,MDA,2000,Europe,5727.079,0.3642438948154449,10.224402
Moldova,MDA,2001,Europe,6090.0347,0.3798802495002746,9.8096075
Moldova,MDA,2002,Europe,6580.2783,0.3584590852260589,9.679141
Moldova,MDA,2003,Europe,7034.358,0.3490208387374878,7.78919
Moldova,MDA,2004,Europe,7573.6177,0.3502956628799438,6.845135
Moldova,MDA,2005,Europe,8161.4736,0.3628083765506744,7.421023
Moldova,MDA,2006,Europe,8577.028,0.3539981842041015,6.6814294
Moldova,MDA,2007,Europe,8854.834,0.3442104160785675,5.634321
Moldova,MDA,2008,Europe,9563.698,0.3469244241714477,6.2442055
Moldova,MDA,2009,Europe,9001.234,0.3291090726852417,6.6375084
Moldova,MDA,2010,Europe,9649.951,0.3205091953277588,7.2962728
Moldova,MDA,2011,Europe,10217.309,0.3062857687473297,6.072079
Moldova,MDA,2012,Europe,10158.386,0.2915883958339691,6.575497
Moldova,MDA,2013,Europe,11080.063,0.2853415906429291,6.71803
Moldova,MDA,2014,Europe,11641.121,0.268338531255722,4.816453
Moldova,MDA,2015,Europe,11691.08,0.270281583070755,5.749636
Moldova,MDA,2016,Europe,12377.366,0.263453871011734,6.1770453
Moldova,MDA,2017,Europe,13118.822,0.2589924335479736,4.4152217
Moldova,MDA,2018,Europe,13895.504,0.256616473197937,5.263537
Moldova,MDA,2019,Europe,14621.24,0.2601664662361145,3.8874729
Moldova,MDA,2020,Europe,13559.26,0.2504570484161377,3.0301738
Moldova,MDA,2021,Europe,15682.07,0.257316380739212,2.1826994
Moldova,MDA,2022,Europe,15358.016,0.2586444616317749,2.4671178
Moldova,MDA,2023,Europe,15990.4795,0.2676475346088409,2.5431437
Maldives,MDV,2002,Asia,13689.807,0.4131202697753906,2.7433338
Maldives,MDV,2009,Asia,16230.009,0.3837276399135589,1.7227765
Maldives,MDV,2019,Asia,21855.502,0.292850911617279,0.6150932
Mexico,MEX,1992,North America,17796.406,0.5231072306632996,19.285301
Mexico,MEX,1994,North America,18422.82,0.5342220664024353,17.74495
Mexico,MEX,1996,North America,17775.873,0.5197122693061829,15.689103
Mexico,MEX,1998,North America,19573.066,0.5328314900398254,14.2882185
Mexico,MEX,2000,North America,20470.494,0.5341742038726807,10.886631
Mexico,MEX,2002,North America,19744.793,0.505828857421875,9.934157
Mexico,MEX,2004,North America,20127.225,0.5034302473068237,8.936326
Mexico,MEX,2005,North America,20277.256,0.5093890428543091,9.376107
Mexico,MEX,2006,North America,20965.826,0.4971226453781128,9.745122
Mexico,MEX,2008,North America,20992.56,0.5084356069564819,12.689549
Mexico,MEX,2010,North America,20058.385,0.4765793085098266,22.668648
Mexico,MEX,2012,North America,20898.936,0.4959723353385925,22.228556
Mexico,MEX,2014,North America,21069.766,0.4891233742237091,16.705032
Mexico,MEX,2016,North America,21578.264,0.4691242277622223,20.08894
Mexico,MEX,2018,North America,21997.773,0.4595489203929901,29.44843
Mexico,MEX,2020,North America,19728.482,0.4459430575370788,29.001005
Mexico,MEX,2022,North America,21391.857,0.4345400631427765,25.881496
North Macedonia,MKD,2009,Europe,15304.198,0.4276077151298523,1.6985357
North Macedonia,MKD,2010,Europe,15919.69,0.4006554782390594,2.0960221
North Macedonia,MKD,2011,Europe,16367.035,0.3936067521572113,1.4702672
North Macedonia,MKD,2012,Europe,16356.34,0.3813239634037018,1.4304821
North Macedonia,MKD,2013,Europe,16897.016,0.3623913824558258,1.0927442
North Macedonia,MKD,2014,Europe,17557.338,0.3520165979862213,1.7518977
North Macedonia,MKD,2015,Europe,18283.209,0.3559069335460663,1.2623929
North Macedonia,MKD,2016,Europe,18864.291,0.3453451991081238,0.9687652
North Macedonia,MKD,2017,Europe,19145.25,0.3419890701770782,1.5972148
North Macedonia,MKD,2018,Europe,19796.906,0.3296046853065491,1.3022674
North Macedonia,MKD,2019,Europe,20711.266,0.3350583016872406,1.2120311
Malta,MLT,2006,Europe,31798.629,0.2801997661590576,0.0
Malta,MLT,2007,Europe,33283.85,0.2920773327350616,0.9587808
Malta,MLT,2008,Europe,34526.49,0.2899550795555115,1.4320868
Malta,MLT,2009,Europe,33789.06,0.3024443387985229,0.95058274
Malta,MLT,2010,Europe,35707.266,0.2902576029300689,0.94640845
Malta,MLT,2011,Europe,35909.082,0.2914210557937622,0.70649993
Malta,MLT,2012,Europe,37047.32,0.2936043441295624,2.8128703
Malta,MLT,2013,Europe,38935.188,0.2884366512298584,1.6337867
Malta,MLT,2014,Europe,41068.21,0.2902034521102905,1.3809469
Malta,MLT,2015,Europe,43930.92,0.2943377196788788,0.89891577
Malta,MLT,2016,Europe,44687.773,0.2908901572227478,1.0982518
Malta,MLT,2017,Europe,49122.473,0.2923223674297333,1.9234776
Malta,MLT,2018,Europe,50826.293,0.2866508662700653,1.6509908
Malta,MLT,2019,Europe,50801.957,0.3104176521301269,0.992033
Malta,MLT,2020,Europe,47944.016,0.3140377998352051,1.3508128
Malta,MLT,2021,Europe,54094.99,0.3156505525112152,0.38140535
Malta,MLT,2022,Europe,54085.125,0.3458727598190307,1.5146008
Myanmar,MMR,2015,Asia,5313.886,0.3806850910186767,2.548491
Myanmar,MMR,2017,Asia,5877.8745,0.3069686889648437,2.6823425
Montenegro,MNE,2012,Europe,18627.016,0.4120616912841797,2.6833348
Montenegro,MNE,2013,Europe,19221.592,0.3902172744274139,1.5792736
Montenegro,MNE,2014,Europe,19640.703,0.3876928687095642,3.167687
Montenegro,MNE,2015,Europe,20107.012,0.390050321817398,2.7063816
Montenegro,MNE,2016,Europe,20775.205,0.3846650123596191,4.485393
Montenegro,MNE,2017,Europe,21421.932,0.3688092231750488,2.418912
Montenegro,MNE,2018,Europe,22419.482,0.3680895864963531,2.2734838
Montenegro,MNE,2019,Europe,23392.812,0.3566539585590362,3.760219
Montenegro,MNE,2020,Europe,19890.791,0.3541229665279388,2.9608428
Montenegro,MNE,2021,Europe,22541.088,0.3429697453975677,2.4840586
Mongolia,MNG,2007,Asia,8750.134,0.3582186996936798,11.3115
Mongolia,MNG,2010,Asia,9507.119,0.3308121263980865,8.846177
Mongolia,MNG,2011,Asia,10960.096,0.338835060596466,9.689709
Mongolia,MNG,2012,Asia,12078.919,0.3375161588191986,7.1186876
Mongolia,MNG,2014,Asia,13943.428,0.3203778862953186,7.3119526
Mongolia,MNG,2016,Asia,13898.1455,0.3234573304653168,6.0510154
Mongolia,MNG,2018,Asia,15230.241,0.3274098932743072,6.187443
Mongolia,MNG,2022,Asia,15310.435,0.3141647577285766,5.965715
Mozambique,MOZ,2002,Africa,842.64526,0.4694815576076507,5.485713
Mozambique,MOZ,2008,Africa,1141.9425,0.4548299908638,4.5602384
Mauritania,MRT,2019,Africa,6162.2104,0.3199674785137176,1.0743763
Mauritius,MUS,2012,Africa,20425.707,0.3846539855003357,2.17194
Mauritius,MUS,2017,Africa,24361.875,0.3676120638847351,2.5568414
Malawi,MWI,2004,Africa,1208.2197,0.3987215161323547,3.287806
Malawi,MWI,2010,Africa,1504.3751,0.4547301530838012,3.5072424
Malaysia,MYS,1992,Asia,13567.894,0.4765372276306152,1.9432349
Malaysia,MYS,1995,Asia,16568.516,0.4852266311645508,1.947803
Malaysia,MYS,1997,Asia,18604.514,0.4914964735507965,2.52629
Malaysia,MYS,2003,Asia,19329.006,0.4641619324684143,2.28934
Malaysia,MYS,2006,Asia,21444.486,0.4475235044956207,2.2257628
Malaysia,MYS,2008,Asia,22898.002,0.4547971189022064,2.1653926
Malaysia,MYS,2011,Asia,24115.818,0.4394359588623047,1.8174312
Malaysia,MYS,2013,Asia,25736.354,0.4134882688522339,2.0779297
Malaysia,MYS,2015,Asia,27699.627,0.4106639921665191,1.5944778
Malaysia,MYS,2018,Asia,30459.965,0.4117677509784698,0.9814358
Malaysia,MYS,2021,Asia,29822.85,0.4066842794418335,0.70881855
Namibia,NAM,2009,Africa,10166.29,0.6096469759941101,18.677252
Niger,NER,2011,Africa,1318.1013,0.3145171403884887,4.8380666
Nicaragua,NIC,1993,North America,3934.0928,0.5712127685546875,17.109247
Nicaragua,NIC,1998,North America,4502.598,0.5437584519386292,13.084461
Nicaragua,NIC,2001,North America,4958.3276,0.5287476778030396,10.554608
Nicaragua,NIC,2005,North America,5356.9585,0.4882003664970398,13.646305
Nicaragua,NIC,2009,North America,5538.3657,0.4394162595272064,14.178125
Nicaragua,NIC,2014,North America,6712.2173,0.4615629315376282,8.654096
Netherlands,NLD,1990,Europe,43128.312,0.3108676373958587,0.8981511
Netherlands,NLD,1993,Europe,44490.758,0.3043155074119568,1.247586
Netherlands,NLD,1999,Europe,54134.363,0.2806339561939239,1.273511
Netherlands,NLD,2004,Europe,57391.363,0.2980000972747803,1.1628214
Netherlands,NLD,2005,Europe,58422.01,0.2904823124408722,1.0567416
Netherlands,NLD,2006,Europe,60391.543,0.3004332780838012,0.77604675
Netherlands,NLD,2007,Europe,62601.62,0.2959277927875519,0.8650228
Netherlands,NLD,2008,Europe,63678.402,0.2929801344871521,0.9037638
Netherlands,NLD,2009,Europe,61029.73,0.2788199782371521,0.92303175
Netherlands,NLD,2010,Europe,61518.555,0.2784523963928222,0.85861295
Netherlands,NLD,2011,Europe,62318.14,0.2775008678436279,0.8486115
Netherlands,NLD,2012,Europe,61480.812,0.27620929479599,0.8572175
Netherlands,NLD,2013,Europe,61281.29,0.2810648083686828,0.7367215
Netherlands,NLD,2014,Europe,62045.855,0.2863141894340515,0.7222511
Netherlands,NLD,2015,Europe,63081.395,0.2824158072471618,0.6079229
Netherlands,NLD,2016,Europe,64267.74,0.2817356884479522,0.5463626
Netherlands,NLD,2017,Europe,65666.0,0.2853580713272095,0.7623285
Netherlands,NLD,2018,Europe,66758.266,0.2812103927135467,0.57401067
Netherlands,NLD,2019,Europe,67847.85,0.2924832701683044,0.71275806
Netherlands,NLD,2020,Europe,64862.19,0.2599421143531799,0.6860682
Netherlands,NLD,2021,Europe,68573.56,0.2574386894702911,0.71063733
Norway,NOR,1991,Europe,58588.47,0.2522628605365753,1.1732621
Norway,NOR,1995,Europe,66762.16,0.2601963579654693,0.9635254
Norway,NOR,2000,Europe,77587.21,0.2735878527164459,1.068836
Norway,NOR,2004,Europe,82440.95,0.3157806992530823,0.7840161
Norway,NOR,2005,Europe,84080.0,0.3059702813625335,0.71380305
Norway,NOR,2006,Europe,85458.55,0.2635383903980255,0.70807946
Norway,NOR,2007,Europe,87043.5,0.2709064781665802,0.63707656
Norway,NOR,2008,Europe,86379.664,0.2699634432792663,0.7130721
Norway,NOR,2009,Europe,83642.07,0.2615822851657867,0.60058534
Norway,NOR,2010,Europe,83256.79,0.2572370767593384,0.5931487
Norway,NOR,2011,Europe,83092.44,0.2530016899108886,2.2410805
Norway,NOR,2012,Europe,84237.15,0.2572599649429321,0.53801394
Norway,NOR,2013,Europe,84070.46,0.2636111080646515,0.9054896
Norway,NOR,2014,Europe,84830.26,0.2675256133079529,0.5644884
Norway,NOR,2015,Europe,85550.3,0.2749675512313843,0.46244815
Norway,NOR,2016,Europe,85787.62,0.2849334180355072,0.5156625
Norway,NOR,2017,Europe,87194.11,0.2698674499988556,0.5306244
Norway,NOR,2018,Europe,87338.47,0.2756024301052093,0.47065446
Norway,NOR,2019,Europe,87725.73,0.2774184346199035,0.5235866
Norway,NOR,2020,Europe,86096.055,0.2839288413524627,0.576286
Norway,NOR,2021,Europe,88984.14,0.2908912599086761,0.5362336
Norway,NOR,2022,Europe,91051.086,0.269462525844574,0.5497726
Norway,NOR,2023,Europe,90085.44,0.2653081119060516,0.72474706
Nepal,NPL,2003,Asia,2439.4949,0.4376810491085052,2.9468143
Nepal,NPL,2010,Asia,3085.314,0.3284058570861816,2.9734526
Kosovo,OWID_KOS,2017,Europe,10856.29,0.4419405162334442,2.7147493
Kosovo,OWID_KOS,2018,Europe,11188.225,0.4459293186664581,2.4890523
Kosovo,OWID_KOS,2019,Europe,11774.118,0.4020540416240692,1.3674886
Kosovo,OWID_KOS,2020,Europe,11137.503,0.5741402506828308,2.112575
Kosovo,OWID_KOS,2021,Europe,12362.421,0.4938461780548095,1.8949775
Pakistan,PAK,1990,Asia,3199.7297,0.3324797451496124,7.067246
Pakistan,PAK,1996,Asia,3526.1416,0.2866498827934265,6.540264
Pakistan,PAK,1998,Asia,3454.1768,0.3312329351902008,6.9927897
Pakistan,PAK,2001,Asia,3559.7278,0.2865301966667175,6.0230713
Pakistan,PAK,2004,Asia,3859.646,0.3088610768318176,5.6128345
Pakistan,PAK,2005,Asia,4042.1545,0.3126125335693359,5.5752754
Pakistan,PAK,2007,Asia,4257.926,0.2966950237751007,5.721619
Pakistan,PAK,2010,Asia,4228.7817,0.2878086268901825,6.620188
Pakistan,PAK,2011,Asia,4246.067,0.2969795763492584,6.8025856
Pakistan,PAK,2013,Asia,4407.147,0.2952857315540313,6.602898
Pakistan,PAK,2015,Asia,4645.286,0.3129126727581024,4.3655767
Pakistan,PAK,2018,Asia,5255.0635,0.2958926558494568,3.631534
Panama,PAN,1991,North America,10994.55,0.5797843933105469,11.721248
Panama,PAN,1995,North America,12086.644,0.5762895345687866,13.837111
Panama,PAN,1997,North America,13013.891,0.5811877250671387,11.10447
Panama,PAN,1998,North America,13826.532,0.5733296275138855,9.710032
Panama,PAN,1999,North America,14261.741,0.5632699728012085,9.655054
Panama,PAN,2000,North America,14572.976,0.565790593624115,9.932339
Panama,PAN,2001,North America,14427.83,0.5669551491737366,9.968932
Panama,PAN,2002,North America,14507.144,0.5608869791030884,12.015298
Panama,PAN,2003,North America,14957.554,0.5564636588096619,10.564902
Panama,PAN,2004,North America,15875.112,0.5477020740509033,9.473557
Panama,PAN,2005,North America,16867.96,0.5379738211631775,10.986937
Panama,PAN,2006,North America,18190.273,0.5463358759880066,6.5481005
Panama,PAN,2007,North America,20208.822,0.5268421769142151,8.116387
Panama,PAN,2008,North America,21867.818,0.5269296169281006,14.083105
Panama,PAN,2009,North America,21822.988,0.5177022218704224,15.767114
Panama,PAN,2010,North America,22739.111,0.5160857439041138,12.677293
Panama,PAN,2011,North America,24999.46,0.5134671926498413,14.863932
Panama,PAN,2012,North America,26926.885,0.5173878073692322,16.944845
Panama,PAN,2013,North America,28135.328,0.5145573616027832,17.33184
Panama,PAN,2014,North America,28931.805,0.5046523809432983,15.518613
Panama,PAN,2015,North America,29933.156,0.5080543160438538,11.893836
Panama,PAN,2016,North America,30765.236,0.5040669441223145,10.051907
Panama,PAN,2017,North America,31979.812,0.4988425076007843,9.222421
Panama,PAN,2018,North America,32681.447,0.4921132326126098,9.6212435
Panama,PAN,2019,North America,33163.727,0.4983735978603363,11.334922
Panama,PAN,2021,North America,30932.764,0.5085777640342712,12.657048
Panama,PAN,2023,North America,35872.95,0.4887566566467285,12.469837
Peru,PER,2011,South America,12726.6,0.4465974271297455,5.518002
Peru,PER,2012,South America,13395.399,0.4444001615047455,6.659816
Peru,PER,2013,South America,14052.138,0.4388271570205688,6.750974
Peru,PER,2014,South America,14244.566,0.4313880801200866,6.8933854
Peru,PER,2015,South America,14542.793,0.4335605502128601,7.377469
Peru,PER,2016,South America,14917.449,0.4363897144794464,7.888813
Peru,PER,2017,South America,15069.522,0.4329266548156738,7.939438
Peru,PER,2018,South America,15386.26,0.4236555993556976,7.687103
Peru,PER,2019,South America,15463.543,0.4152811765670776,7.349927
Peru,PER,2020,South America,13609.6,0.4373981058597564,5.795013
Peru,PER,2021,South America,15280.551,0.4012180268764496,8.604808
Philippines,PHL,1991,Asia,4378.3955,0.4382354915142059,13.523914
Philippines,PHL,1994,Asia,4374.0674,0.4288838803768158,9.339417
Philippines,PHL,2000,Asia,4740.439,0.4279947280883789,7.202476
Philippines,PHL,2009,Asia,5965.307,0.4176033735275268,9.628725
Philippines,PHL,2012,Asia,6697.556,0.4222432971000671,8.469135
Philippines,PHL,2018,Asia,9016.286,0.3781170547008514,5.1623673
Philippines,PHL,2023,Asia,9898.533,0.3520348668098449,4.3475914
Papua New Guinea,PNG,2009,Oceania,3349.6436,0.4185040891170501,9.410731
Poland,POL,1992,Europe,12141.235,0.2929856181144714,2.2414815
Poland,POL,1995,Europe,14227.566,0.345999002456665,2.2233999
Poland,POL,1999,Europe,17556.002,0.322562038898468,1.9353467
Poland,POL,2008,Europe,25553.906,0.3348563313484192,0.8579873
Poland,POL,2009,Europe,26204.41,0.3335572183132171,1.0183634
Poland,POL,2010,Europe,27112.133,0.3321481049060821,1.007997
Poland,POL,2011,Europe,28521.662,0.3318064510822296,1.1044621
Poland,POL,2012,Europe,28952.916,0.3302015960216522,1.0693407
Poland,POL,2013,Europe,29168.625,0.3313732147216797,0.7971926
Poland,POL,2014,Europe,30334.879,0.3282444477081299,0.75003046
Poland,POL,2015,Europe,31700.37,0.317509114742279,0.7787528
Poland,POL,2016,Europe,32675.305,0.3118916749954223,0.6795029
Poland,POL,2017,Europe,34354.598,0.296852707862854,0.75022954
Poland,POL,2018,Europe,36500.41,0.3021489977836609,0.71389216
Poland,POL,2019,Europe,38181.62,0.2876017689704895,0.66185516
Poland,POL,2020,Europe,37852.8,0.2846260070800781,0.6968639
Poland,POL,2021,Europe,41059.586,0.2847950458526611,0.71765995
Poland,POL,2022,Europe,43405.023,0.2885818481445312,0.70338625
Poland,POL,2023,Europe,43672.766,0.2846678793430328,0.8023147
Portugal,PRT,2005,Europe,35870.31,0.3848007321357727,1.2853478
Portugal,PRT,2010,Europe,36703.113,0.358446717262268,1.1721711
Portugal,PRT,2011,Europe,36127.297,0.3634467720985412,1.0798469
Portugal,PRT,2012,Europe,34804.633,0.3603479266166687,1.1604514
Portugal,PRT,2013,Europe,34651.773,0.3618710339069366,1.3768971
Portugal,PRT,2014,Europe,35097.41,0.355621725320816,0.88408846
Portugal,PRT,2015,Europe,35803.36,0.3552330136299133,0.9642953
Portugal,PRT,2016,Europe,36636.297,0.3519051969051361,0.63790476
Portugal,PRT,2017,Europe,37943.113,0.3380384147167206,0.7356611
Portugal,PRT,2018,Europe,39123.613,0.3349256217479706,0.7844768
Portugal,PRT,2019,Europe,40188.285,0.3276274800300598,0.7057768
Portugal,PRT,2020,Europe,36852.23,0.34668630361557,0.7810602
Portugal,PRT,2021,Europe,38657.668,0.3459201753139496,0.78914785
Portugal,PRT,2022,Europe,41070.86,0.3625220358371734,0.71997195
Paraguay,PRY,2001,South America,9749.259,0.5462630987167358,25.329197
Paraguay,PRY,2002,South America,9610.748,0.5727429986000061,26.077066
Paraguay,PRY,2003,South America,9903.45,0.5493751168251038,24.124947
Paraguay,PRY,2004,South America,10187.194,0.5226007103919983,22.438026
Paraguay,PRY,2005,South America,10290.101,0.5138111710548401,16.280914
Paraguay,PRY,2006,South America,10672.993,0.5299407839775085,13.478294
Paraguay,PRY,2007,South America,11141.87,0.5304040908813477,14.084288
Paraguay,PRY,2008,South America,11751.14,0.5070464611053467,14.839032
Paraguay,PRY,2009,South America,11601.285,0.4914507865905761,14.476561
Paraguay,PRY,2010,South America,12738.576,0.5098243951797485,12.913972
Paraguay,PRY,2011,South America,13109.467,0.5230962634086609,11.299093
Paraguay,PRY,2012,South America,12834.802,0.4763356447219848,11.005581
Paraguay,PRY,2013,South America,13700.703,0.4793535768985748,10.096207
Paraguay,PRY,2014,South America,14219.3545,0.5070264339447021,9.522537
Paraguay,PRY,2015,South America,14427.601,0.4760573208332062,10.017693
Paraguay,PRY,2016,South America,14826.664,0.4789971709251404,10.705497
Paraguay,PRY,2017,South America,15320.337,0.4854749143123626,8.534926
Paraguay,PRY,2018,South America,15592.984,0.4595510065555572,7.7325425
Paraguay,PRY,2019,South America,15321.324,0.4565063714981079,8.503378
Paraguay,PRY,2020,South America,14991.66,0.4348194301128387,7.283752
Paraguay,PRY,2021,South America,15406.167,0.4290512204170227,7.8543644
Paraguay,PRY,2022,South America,15259.1455,0.4459167122840881,6.981769
Paraguay,PRY,2023,South America,15826.088,0.4417574405670166,6.779516
Palestine,PSE,2004,Asia,4503.0806,0.3404465913772583,2.7624488
Palestine,PSE,2005,Asia,4885.0728,0.3474262356758117,2.3331645
Palestine,PSE,2009,Asia,5270.663,0.3446397483348846,1.1220924
Palestine,PSE,2010,Asia,5432.2437,0.3529443144798279,0.9708942
Palestine,PSE,2011,Asia,5805.3213,0.3441523611545563,0.72887933
Palestine,PSE,2016,Asia,6464.1333,0.3369004130363464,0.41012454
Qatar,QAT,2017,Asia,115064.836,0.351283848285675,0.44334275
Romania,ROU,1992,Europe,12555.141,0.2546172738075256,3.661774
Romania,ROU,1994,Europe,13285.642,0.2820058166980743,3.4100533
Romania,ROU,1995,Europe,14142.388,0.3115802705287933,3.3454378
Romania,ROU,1997,Europe,14063.233,0.3050442636013031,3.0921607
Romania,ROU,2006,Europe,21270.467,0.396408200263977,1.6971123
Romania,ROU,2007,Europe,23148.574,0.375477135181427,1.8159416
Romania,ROU,2008,Europe,25728.3,0.3642873466014862,1.4576174
Romania,ROU,2009,Europe,24512.307,0.3556433618068695,1.2538316
Romania,ROU,2010,Europe,23695.225,0.3547110557556152,1.3018428
Romania,ROU,2011,Europe,24882.553,0.3586669266223907,1.0107479
Romania,ROU,2012,Europe,25469.354,0.3654547035694122,1.051668
Romania,ROU,2013,Europe,25635.37,0.3691512048244476,1.0865816
Romania,ROU,2014,Europe,26790.684,0.3600910604000091,1.62759
Romania,ROU,2015,Europe,27766.688,0.3591363131999969,1.706002
Romania,ROU,2016,Europe,28725.11,0.3440666794776916,1.5472479
Romania,ROU,2017,Europe,31259.43,0.360126256942749,1.295113
Romania,ROU,2018,Europe,33139.85,0.3575841188430786,1.2756487
Romania,ROU,2019,Europe,34634.26,0.3480053842067718,1.2511832
Romania,ROU,2020,Europe,33572.508,0.345702052116394,1.4490161
Romania,ROU,2021,Europe,35713.77,0.3385264873504638,1.2676536
Romania,ROU,2022,Europe,37353.047,0.3230303525924682,1.2886885
Romania,ROU,2023,Europe,38171.207,0.2982894480228424,1.1088748
Russia,RUS,1993,Europe,21899.518,0.4538547694683075,30.418112
Russia,RUS,1996,Europe,17699.87,0.4609862864017486,26.39235
Russia,RUS,1997,Europe,17977.352,0.3840920031070709,23.668655
Russia,RUS,1998,Europe,17052.756,0.3813700377941131,22.726913
Russia,RUS,1999,Europe,18200.32,0.3744338750839233,25.960669
Russia,RUS,2000,Europe,20104.75,0.3709274232387543,28.00615
Russia,RUS,2001,Europe,21219.904,0.3692498505115509,29.374348
Russia,RUS,2002,Europe,22319.678,0.3728376924991607,30.322153
Russia,RUS,2003,Europe,24057.928,0.3997154831886291,28.645853
Russia,RUS,2004,Europe,25894.146,0.4031583070755005,27.039518
Russia,RUS,2005,Europe,27656.658,0.4126559793949127,24.644897
Russia,RUS,2006,Europe,30022.672,0.4095093905925751,20.016245
Russia,RUS,2007,Europe,32630.37,0.4227247238159179,17.640097
Russia,RUS,2008,Europe,34342.227,0.4156858325004577,12.647081
Russia,RUS,2009,Europe,31654.004,0.3984560072422027,12.274349
Russia,RUS,2010,Europe,33063.586,0.3954897820949554,11.595555
Russia,RUS,2011,Europe,34444.645,0.3974931538105011,11.229227
Russia,RUS,2012,Europe,35740.7,0.4071482717990875,11.259882
Russia,RUS,2013,Europe,36260.066,0.4088442325592041,11.087514
Russia,RUS,2014,Europe,35853.246,0.3988122045993805,11.39619
Russia,RUS,2015,Europe,35037.152,0.3771053850650787,11.455697
Russia,RUS,2016,Europe,35005.45,0.3684850037097931,10.88225
Russia,RUS,2017,Europe,35570.39,0.3723907172679901,9.093161
Russia,RUS,2018,Europe,36536.695,0.3747300505638122,8.170448
Russia,RUS,2019,Europe,37319.32,0.3773686289787292,7.644691
Russia,RUS,2020,Europe,36376.336,0.3606824278831482,7.308127
Rwanda,RWA,2010,Africa,1779.1586,0.4722191393375397,2.820436
Rwanda,RWA,2013,Africa,2032.4048,0.4511156678199768,3.236176
Rwanda,RWA,2016,Africa,2316.6372,0.4370951056480407,3.288816
Solomon Islands,SLB,2005,Oceania,2287.2737,0.4608763456344604,5.382126
Sierra Leone,SLE,2011,Africa,2590.5283,0.3403017818927765,2.9277072
El Salvador,SLV,1995,North America,7057.9204,0.4984672665596008,138.43839
El Salvador,SLV,1996,North America,7062.3003,0.5095692276954651,116.99682
El Salvador,SLV,1998,North America,7381.1147,0.5437270998954773,94.95338
El Salvador,SLV,1999,North America,7498.4673,0.5207594633102417,65.01631
El Salvador,SLV,2000,North America,7545.4478,0.5146319270133972,59.747288
El Salvador,SLV,2001,North America,7580.323,0.5134626030921936,60.15355
El Salvador,SLV,2002,North America,7675.671,0.5185059905052185,47.35552
El Salvador,SLV,2003,North America,7780.272,0.5043299198150635,55.9464
El Salvador,SLV,2004,North America,7841.532,0.4779801666736603,64.899475
El Salvador,SLV,2005,North America,8050.5347,0.4847163259983063,64.639915
El Salvador,SLV,2006,North America,8404.247,0.4568923115730285,65.424706
El Salvador,SLV,2007,North America,8548.835,0.4521746933460235,58.188057
El Salvador,SLV,2008,North America,8704.806,0.4688558876514435,52.725887
El Salvador,SLV,2009,North America,8494.498,0.4582484066486358,72.45036
El Salvador,SLV,2010,North America,8648.93,0.4351325929164886,65.70264
El Salvador,SLV,2011,North America,8943.062,0.4231797754764557,71.771904
El Salvador,SLV,2012,North America,9165.42,0.4182883203029632,42.42739
El Salvador,SLV,2013,North America,9327.564,0.4335865080356598,40.93608
El Salvador,SLV,2014,North America,9451.744,0.4155943989753723,63.622078
El Salvador,SLV,2015,North America,9646.154,0.4055181443691253,107.63823
El Salvador,SLV,2016,North America,9863.761,0.399785429239273,85.0858
El Salvador,SLV,2017,North America,10064.794,0.3800715208053589,63.76404
El Salvador,SLV,2018,North America,10297.203,0.3861057162284851,53.795876
El Salvador,SLV,2019,North America,10543.938,0.3877876400947571,38.538696
El Salvador,SLV,2021,North America,10809.714,0.3901063203811645,17.343956
El Salvador,SLV,2022,North America,11085.618,0.3875299990177154,7.897688
Serbia,SRB,2012,Europe,17121.162,0.3988659977912903,1.5017837
Serbia,SRB,2013,Europe,17282.336,0.3944474756717682,1.9103432
Serbia,SRB,2014,Europe,17053.244,0.4043598473072052,1.6327202
Serbia,SRB,2015,Europe,17362.838,0.404602438211441,1.3932908
Serbia,SRB,2016,Europe,17973.297,0.387736439704895,1.6278228
Serbia,SRB,2017,Europe,18496.252,0.3610448837280273,1.2158043
Serbia,SRB,2018,Europe,19462.25,0.3500294685363769,1.4957224
Serbia,SRB,2019,Europe,20496.438,0.344751238822937,1.2632512
Serbia,SRB,2020,Europe,20437.4,0.3495087027549743,1.2160146
Serbia,SRB,2021,Europe,22271.162,0.3312888145446777,1.1264837
Serbia,SRB,2022,Europe,23456.297,0.3280288875102997,1.0896432
Sao Tome and Principe,STP,2010,Africa,4882.048,0.3082126975059509,3.3002937
Suriname,SUR,2022,South America,18742.588,0.3917989730834961,7.221213
Slovakia,SVK,1996,Europe,16744.068,0.2627550363540649,2.4615712
Slovakia,SVK,2004,Europe,21851.955,0.2707678079605102,2.0089142
Slovakia,SVK,2005,Europe,23266.758,0.2929649353027344,1.7296871
Slovakia,SVK,2006,Europe,25342.31,0.25797039270401,1.5250577
Slovakia,SVK,2007,Europe,28075.807,0.2466471493244171,1.5250143
Slovakia,SVK,2008,Europe,29556.262,0.2602499127388,1.5987743
Slovakia,SVK,2009,Europe,27891.896,0.272309809923172,1.4484484
Slovakia,SVK,2010,Europe,29758.174,0.2731572091579437,1.650639
Slovakia,SVK,2011,Europe,30481.377,0.2653827965259552,1.7784007
Slovakia,SVK,2012,Europe,30907.04,0.2611581087112427,1.3876371
Slovakia,SVK,2013,Europe,31090.988,0.2808615267276764,1.4416622
Slovakia,SVK,2014,Europe,31901.943,0.2610344290733337,1.3295833
Slovakia,SVK,2015,Europe,33521.594,0.2649123668670654,0.88556343
Slovakia,SVK,2016,Europe,34130.504,0.2515496909618377,1.1055304
Slovakia,SVK,2017,Europe,35057.223,0.2323736548423767,1.4717515
Slovakia,SVK,2018,Europe,36430.793,0.2497001886367797,1.2308863
Slovakia,SVK,2019,Europe,37209.535,0.2323232442140579,1.3943354
Slovakia,SVK,2020,Europe,36216.4,0.2421942502260208,1.1548988
Slovakia,SVK,2021,Europe,38346.094,0.2411022037267685,1.0105169
Slovakia,SVK,2022,Europe,38664.906,0.2407892644405365,0.76737607
Slovakia,SVK,2023,Europe,39518.223,0.2381771504878997,1.1235844
Slovenia,SVN,1993,Europe,22520.738,0.2911778092384338,1.3060007
Slovenia,SVN,1997,Europe,26806.463,0.2412150055170059,1.8141527
Slovenia,SVN,1999,Europe,29125.89,0.2404288649559021,1.2618654
Slovenia,SVN,2004,Europe,34298.13,0.2479073256254196,1.3543712
Slovenia,SVN,2005,Europe,35558.38,0.2463474124670028,1.0015457
Slovenia,SVN,2006,Europe,37539.46,0.243639275431633,0.5990673
Slovenia,SVN,2007,Europe,39995.207,0.2435475289821624,1.1915652
Slovenia,SVN,2008,Europe,41278.61,0.2371801882982254,0.4938063
Slovenia,SVN,2009,Europe,37802.09,0.2478773593902588,0.63862985
Slovenia,SVN,2010,Europe,38056.18,0.2493325918912887,0.73363554
Slovenia,SVN,2011,Europe,38226.125,0.2486803382635116,0.7809434
Slovenia,SVN,2012,Europe,37033.766,0.2558550238609314,0.6818223
Slovenia,SVN,2013,Europe,36678.875,0.2624110579490661,0.5835323
Slovenia,SVN,2014,Europe,37655.2,0.256575345993042,0.77730256
Slovenia,SVN,2015,Europe,38527.42,0.2540846467018127,0.97089875
Slovenia,SVN,2016,Europe,39667.457,0.2475793659687042,0.48511356
Slovenia,SVN,2017,Europe,41692.836,0.2421930730342865,0.9212523
Slovenia,SVN,2018,Europe,43361.094,0.2463336437940597,0.43489176
Slovenia,SVN,2019,Europe,44569.586,0.2438423186540603,0.6719658
Slovenia,SVN,2020,Europe,42463.562,0.2403152883052826,0.5232067
Slovenia,SVN,2021,Europe,45914.06,0.2428227961063385,0.42583513
Slovenia,SVN,2022,Europe,47050.066,0.2430506497621536,0.61459094
Slovenia,SVN,2023,Europe,47977.426,0.2468195855617523,0.56646633
Sweden,SWE,1992,Europe,39120.926,0.2490873336791992,1.3152469
Sweden,SWE,1995,Europe,40736.426,0.2523650527000427,0.9856903
Sweden,SWE,2000,Europe,48284.8,0.2696006000041961,1.0820435
Sweden,SWE,2001,Europe,48810.645,0.2654536068439483,0.97796524
Sweden,SWE,2002,Europe,49760.215,0.2621690630912781,1.1316468
Sweden,SWE,2003,Europe,50507.934,0.2526851892471313,0.94882685
Sweden,SWE,2004,Europe,52412.41,0.2614011168479919,1.1897074
Sweden,SWE,2005,Europe,53661.316,0.2682101726531982,0.9191817
Sweden,SWE,2006,Europe,55855.496,0.2635122835636139,1.0021338
Sweden,SWE,2007,Europe,57230.79,0.27114138007164,1.2133436
Sweden,SWE,2008,Europe,56262.47,0.2811915874481201,0.8893806
Sweden,SWE,2009,Europe,53411.2,0.2733984291553497,1.0001355
Sweden,SWE,2010,Europe,56003.27,0.2773614823818207,0.97033215
Sweden,SWE,2011,Europe,57340.504,0.2760522961616516,0.8572101
Sweden,SWE,2012,Europe,56682.02,0.2764386534690857,0.71432424
Sweden,SWE,2013,Europe,56843.164,0.2882274687290191,0.90619147
Sweden,SWE,2014,Europe,57574.05,0.2838863730430603,0.8972371
Sweden,SWE,2015,Europe,59468.355,0.2920967936515808,1.1429176
Sweden,SWE,2016,Europe,59977.387,0.2956119775772095,1.0681952
Sweden,SWE,2017,Europe,60288.8,0.2877413332462311,1.1234993
Sweden,SWE,2018,Europe,60647.45,0.2997155487537384,1.0613829
Sweden,SWE,2019,Europe,61601.63,0.2930463254451751,1.0798584
Sweden,SWE,2020,Europe,59975.363,0.2887060344219208,1.197641
Sweden,SWE,2021,Europe,62731.7,0.2976534366607666,1.0848558
Sweden,SWE,2022,Europe,63088.42,0.3160836100578308,1.1060958
Sweden,SWE,2023,Europe,62662.766,0.2927832901477813,1.146757
Eswatini,SWZ,1994,Africa,5427.35,0.5871372818946838,15.65054
Eswatini,SWZ,2000,Africa,6106.0747,0.5311352014541626,12.290987
Eswatini,SWZ,2009,Africa,7988.5977,0.5144217014312744,16.920727
Eswatini,SWZ,2016,Africa,9402.509,0.5457979440689087,10.091278
Seychelles,SYC,2006,Africa,21341.86,0.4276761710643768,9.958727
Seychelles,SYC,2013,Africa,24770.652,0.4682198166847229,17.63107
Seychelles,SYC,2018,Africa,32841.426,0.3212532103061676,7.8233657
Syria,SYR,2003,Asia,8177.545,0.3751460313796997,2.2639236
Syria,SYR,2006,Asia,8885.806,0.4014725089073181,2.2712202
Syria,SYR,2009,Asia,9284.102,0.4039477705955505,2.1659038
Thailand,THA,1990,Asia,8701.954,0.452656477689743,9.762812
Thailand,THA,1992,Asia,9886.899,0.478579580783844,10.540884
Thailand,THA,1994,Asia,11215.037,0.4347021281719208,8.592106
Thailand,THA,1996,Asia,12456.329,0.4290492236614227,7.4666142
Thailand,THA,1998,Asia,10897.153,0.414557933807373,8.713866
Thailand,THA,1999,Asia,11253.388,0.4309158623218536,8.109274
Thailand,THA,2000,Asia,11622.525,0.4283366799354553,8.1608925
Thailand,THA,2002,Asia,12512.184,0.4194449484348297,7.0612288
Thailand,THA,2004,Asia,13997.001,0.4254031181335449,6.528444
Thailand,THA,2006,Asia,15051.061,0.4181903302669525,7.0409536
Thailand,THA,2007,Asia,15742.655,0.3976151645183563,6.609302
Thailand,THA,2008,Asia,15891.782,0.4028827250003814,5.876974
Thailand,THA,2009,Asia,15665.903,0.3960126340389251,5.4359093
Thailand,THA,2010,Asia,16730.37,0.3940277099609375,5.328127
Thailand,THA,2011,Asia,16766.348,0.3745903372764587,4.792253
Tajikistan,TJK,1999,Asia,1275.8225,0.2953243553638458,5.750302
Tajikistan,TJK,2003,Asia,1736.6404,0.327194482088089,2.4629896
Tajikistan,TJK,2004,Asia,1878.287,0.3360194861888885,2.0911424
Tajikistan,TJK,2007,Asia,2181.898,0.3218031823635101,1.8347406
Tajikistan,TJK,2009,Asia,2349.5002,0.3077495396137237,1.2950203
Turkmenistan,TKM,1998,Asia,4323.302,0.4080692827701568,7.822231
East Timor,TLS,2007,Asia,3256.5698,0.2782331705093384,6.1698356
Tonga,TON,2000,Oceania,5808.265,0.3769017457962036,0.9739232
Tonga,TON,2009,Oceania,5453.875,0.3749648928642273,7.4625125
Tunisia,TUN,2005,Africa,10529.16,0.3773338198661804,2.5352318
Tunisia,TUN,2010,Africa,12458.271,0.3846648633480072,2.656516
Turkey,TUR,2003,Asia,15255.718,0.4218433797359466,4.1824083
Turkey,TUR,2004,Asia,16583.883,0.412875086069107,4.2482705
Turkey,TUR,2005,Asia,17902.596,0.4261465668678283,4.7670865
Turkey,TUR,2006,Asia,18972.01,0.3964741230010986,4.522784
Turkey,TUR,2007,Asia,19909.084,0.3844279944896698,5.0868835
Turkey,TUR,2008,Asia,19839.584,0.3902054131031036,4.5512767
Turkey,TUR,2010,Asia,19897.447,0.3878507912158966,4.1774163
Turkey,TUR,2011,Asia,21760.43,0.400393545627594,4.1244917
Turkey,TUR,2012,Asia,22517.715,0.4016893804073334,4.276755
Turkey,TUR,2015,Asia,25984.803,0.4285445809364319,2.7932532
Turkey,TUR,2016,Asia,26489.645,0.4187370538711548,3.3116117
Turkey,TUR,2017,Asia,28194.688,0.4353172481060028,3.058363
Turkey,TUR,2018,Asia,28780.303,0.4244142472743988,2.5599422
Turkey,TUR,2019,Asia,28741.053,0.4383380115032196,2.395801
Turkey,TUR,2020,Asia,28976.719,0.4304501116275787,2.4903681
Turkey,TUR,2021,Asia,32105.547,0.4436482787132263,2.4975126
Turkey,TUR,2022,Asia,33520.812,0.4446767568588257,2.6212268
Tuvalu,TUV,2010,Oceania,3506.0603,0.391390323638916,9.421518
Tanzania,TZA,2011,Africa,2779.7078,0.3778314888477325,9.013811
Tanzania,TZA,2018,Africa,3392.6887,0.4049122929573059,4.759986
Uganda,UGA,1996,Africa,1367.9457,0.3904234170913696,8.506209
Uganda,UGA,2009,Africa,2188.299,0.4418968260288238,10.279433
Uganda,UGA,2012,Africa,2405.0945,0.4100933969020843,11.841303
Uganda,UGA,2016,Africa,2554.2278,0.4275335967540741,11.551799
Uganda,UGA,2019,Africa,2689.4102,0.4270217716693878,10.972185
Ukraine,UKR,1992,Europe,18671.873,0.2970883250236511,6.4406796
Ukraine,UKR,1993,Europe,16012.372,0.2892698347568512,7.060155
Ukraine,UKR,1995,Europe,10983.009,0.3923101723194122,8.529863
Ukraine,UKR,1996,Europe,9969.501,0.3515347838401794,9.557627
Ukraine,UKR,2002,Europe,12092.789,0.2904569506645202,8.825473
Ukraine,UKR,2003,Europe,13342.88,0.2866489291191101,8.363838
Ukraine,UKR,2004,Europe,15021.066,0.2893401682376861,7.2676864
Ukraine,UKR,2005,Europe,15610.573,0.2902071475982666,6.3674784
Ukraine,UKR,2006,Europe,16901.508,0.2979439198970794,6.256518
Ukraine,UKR,2007,Europe,18374.014,0.2701268792152405,5.6222754
Ukraine,UKR,2008,Europe,18883.986,0.2663823068141937,5.2670727
Ukraine,UKR,2009,Europe,16092.796,0.2531666457653045,4.8044205
Ukraine,UKR,2010,Europe,16811.795,0.2481897622346878,4.279318
Ukraine,UKR,2012,Europe,17848.74,0.2474065721035003,5.0551767
Ukraine,UKR,2014,Europe,16978.812,0.2402536571025848,6.1884985
Ukraine,UKR,2017,Europe,16310.36,0.2604904770851135,6.0546646
Ukraine,UKR,2018,Europe,16978.984,0.2607148587703705,4.428331
Ukraine,UKR,2019,Europe,17636.555,0.2661946713924408,4.0482717
Ukraine,UKR,2020,Europe,17092.54,0.2562736272811889,3.8003569
Uruguay,URY,2006,South America,19560.082,0.4594137966632843,6.140739
Uruguay,URY,2007,South America,20803.893,0.4640476703643799,5.8874364
Uruguay,URY,2008,South America,22249.383,0.4508153200149536,6.6925535
Uruguay,URY,2009,South America,23138.082,0.4554151892662048,6.8276067
Uruguay,URY,2010,South America,24879.836,0.4447481036186218,6.177341
Uruguay,URY,2011,South America,26099.322,0.421751469373703,5.98168
Uruguay,URY,2012,South America,26953.281,0.3990043401718139,8.005034
Uruguay,URY,2013,South America,28119.482,0.4045079350471496,7.772012
Uruguay,URY,2014,South America,28935.098,0.4011094272136688,7.9849014
Uruguay,URY,2015,South America,28941.629,0.4012860059738159,8.699481
Uruguay,URY,2016,South America,29332.566,0.3969535529613495,7.9010844
Uruguay,URY,2017,South America,29762.434,0.3946439027786255,8.351933
Uruguay,URY,2018,South America,29757.94,0.3968712091445923,12.402291
Uruguay,URY,2019,South America,30010.574,0.3967631459236145,11.597768
Uruguay,URY,2020,South America,27788.186,0.4015562534332275,10.032457
Uruguay,URY,2021,South America,29431.885,0.4077686071395874,9.008759
Uruguay,URY,2022,South America,30804.703,0.4055169522762298,11.294893
Uruguay,URY,2023,South America,31059.254,0.4086753726005554,11.245305
United States,USA,1990,North America,44378.523,0.382624864578247,9.25038
United States,USA,1991,North America,43742.027,0.3804483711719513,9.631872
United States,USA,1992,North America,44659.152,0.3837279379367828,9.15233
United States,USA,1993,North America,45286.934,0.4036308825016022,9.338498
United States,USA,1994,North America,46537.355,0.3998537957668304,8.786521
United States,USA,1995,North America,47220.957,0.3985359668731689,8.055755
United States,USA,1996,North America,48435.7,0.4030831456184387,7.2528057
United States,USA,1997,North America,49984.27,0.4052412211894989,6.6581826
United States,USA,1998,North America,51619.87,0.3995175063610077,6.147342
United States,USA,1999,North America,53474.047,0.3998439013957977,5.567722
United States,USA,2000,North America,55038.62,0.4013887047767639,5.5370793
United States,USA,2001,North America,55017.305,0.4059427380561828,6.695168
United States,USA,2002,North America,55436.117,0.4035202264785766,5.653043
United States,USA,2006,North America,60676.566,0.4169339835643768,5.7941914
United States,USA,2007,North America,61306.598,0.4108876287937164,5.67445
United States,USA,2008,North America,60798.434,0.4109227359294891,5.3988857
United States,USA,2009,North America,58714.973,0.4084994494915008,4.9992948
United States,USA,2010,North America,59789.414,0.4024135768413543,4.7328067
United States,USA,2011,North America,60245.484,0.411632776260376,4.6675463
United States,USA,2012,North America,61134.53,0.4115574359893799,4.6847305
United States,USA,2013,North America,61958.723,0.4087145030498504,4.4731393
United States,USA,2014,North America,63018.805,0.4173704087734222,4.3835735
United States,USA,2015,North America,64359.473,0.4145592749118805,4.8701963
United States,USA,2016,North America,65017.656,0.4133006930351257,5.28982
United States,USA,2017,North America,66155.555,0.413858413696289,5.205827
United States,USA,2018,North America,67719.766,0.4178259968757629,4.886937
United States,USA,2019,North America,69112.6,0.4190183877944946,4.934722
United States,USA,2020,North America,67342.07,0.4000106155872345,6.3546557
United States,USA,2021,North America,71307.4,0.3969644904136657,6.779722
United States,USA,2022,North America,72679.26,0.4169909954071045,6.5126743
United States,USA,2023,North America,74158.72,0.4181887805461883,5.7634077
Uzbekistan,UZB,2021,Asia,9247.644,0.3289114236831665,1.3987976
Vietnam,VNM,2002,Asia,4809.6216,0.3702962398529053,1.3545383
Vietnam,VNM,2004,Asia,5421.097,0.3678583204746246,1.3231436
Vietnam,VNM,2006,Asia,6098.245,0.3578861653804779,1.2754374
Vietnam,VNM,2008,Asia,6659.1357,0.3557031154632568,1.2820544
Vietnam,VNM,2010,Asia,7274.733,0.3925272524356842,1.5276401
Vanuatu,VUT,2019,Oceania,3512.072,0.3231757581233978,0.6849679
Samoa,WSM,2013,Oceania,6262.3237,0.3874345421791076,3.0261993
South Africa,ZAF,2000,Africa,11183.825,0.5776966214179993,46.136833
South Africa,ZAF,2005,Africa,12861.563,0.64761883020401,37.437843
South Africa,ZAF,2008,Africa,14297.688,0.6300899982452393,35.379326
South Africa,ZAF,2010,Africa,14164.996,0.6338256001472473,30.362572
South Africa,ZAF,2014,Africa,14643.339,0.6302571892738342,32.026356
Zambia,ZMB,1991,Africa,2364.8623,0.5942023396492004,8.569656
Zambia,ZMB,1993,Africa,2365.6296,0.525538444519043,8.896668
Zambia,ZMB,1998,Africa,2157.5735,0.4912264049053192,9.195976
Zambia,ZMB,2010,Africa,3266.5076,0.5201219916343689,5.82861
Zambia,ZMB,2015,Africa,3576.9255,0.5584074854850769,5.2015085
Zimbabwe,ZWE,2019,Africa,4993.8438,0.5025644898414612,5.1730795
